LON,LAT,1,2,3,4,5,6,7,8,9,10,11,12,13,14,15,16,17,18,19,20,21,22,23,24,25,26,27,28,29,30,31,32,33,34,35,36,37,38,39,40,41,42,43,44,45,46,47,48,49,50,51,52
120.05,23.05,0.0067,0.0028,4.5444,0.0019,0.0021,0.0046,0.0244,0.0042,0.0145,0.0075,0.0103,0.0089,0.0131,10.9696,0.0129,11.8161,10.6467,0.0044,0.0351,0.014,14.469,101.2825,5.9322,76.4798,29.1121,37.1598,0.0486,0.0259,23.4937,2.4502,0.0587,41.7989,21.5208,0.06,2.4649,23.339,0.0158,0.0229,0.0145,11.9592,0.0166,0.0074,25.7096,0.0049,0.0043,0.0091,0.0007,0.0534,0.0001,9.1113,0.0036,0.0015
120.05,23.1,0.0122,0.0051,4.5787,0.0031,0.0069,0.0129,0.0678,0.0119,0.0141,0.0074,0.0092,0.0088,0.0121,10.6119,0.0136,12.6426,12.341,0.0079,0.0643,0.0236,15.9444,101.1966,5.3389,82.7511,28.9923,40.8732,0.0672,0.0323,18.1378,1.8156,1.0146,45.5737,20.214,0.0829,2.1692,29.3726,0.0224,0.0339,0.0204,11.6946,0.0063,0.0032,26.3346,0.002,0.0016,0.0042,0.0003,0.0741,0.0001,9.3372,0.005,0.0019
120.05,23.15,0.0086,0.0036,5.0517,0.0019,0.0087,0.0141,0.0728,0.013,0.0112,0.006,0.0066,0.0071,0.0128,9.5974,0.0165,12.4679,15.8732,0.012,0.0994,0.0338,17.0649,87.4919,5.7251,84.8364,25.3769,41.2952,1.0512,0.0284,16.0747,1.9035,1.7952,49.3468,15.8906,0.0729,2.0269,29.2212,0.0192,0.028,0.0158,8.0386,0.0017,0.001,30.048,0.0053,0.0038,0.0128,0.0008,0.082,0.0001,9.7818,0.0055,0.002
120.05,23.2,-99.9,-99.9,-99.9,-99.9,-99.9,-99.9,-99.9,-99.9,-99.9,-99.9,-99.9,-99.9,-99.9,-99.9,-99.9,-99.9,-99.9,-99.9,-99.9,-99.9,-99.9,-99.9,-99.9,-99.9,-99.9,-99.9,-99.9,-99.9,-99.9,-99.9,-99.9,-99.9,-99.9,-99.9,-99.9,-99.9,-99.9,-99.9,-99.9,-99.9,-99.9,-99.9,-99.9,-99.9,-99.9,-99.9,-99.9,-99.9,-99.9,-99.9,-99.9,-99.9
120.1,23,-99.9,-99.9,-99.9,-99.9,-99.9,-99.9,-99.9,-99.9,-99.9,-99.9,-99.9,-99.9,-99.9,-99.9,-99.9,-99.9,-99.9,-99.9,-99.9,-99.9,-99.9,-99.9,-99.9,-99.9,-99.9,-99.9,-99.9,-99.9,-99.9,-99.9,-99.9,-99.9,-99.9,-99.9,-99.9,-99.9,-99.9,-99.9,-99.9,-99.9,-99.9,-99.9,-99.9,-99.9,-99.9,-99.9,-99.9,-99.9,-99.9,-99.9,-99.9,-99.9
120.1,23.05,0.0097,0.0038,5.105,0.0031,0.005,0.0114,0.0628,0.0099,0.0158,0.0068,0.0112,0.0091,0.012,12.7741,0.0133,16.2803,12.1381,0.0068,0.0459,0.0203,14.7063,119.3137,5.8696,85.4086,33.2702,37.7287,0.0519,0.0287,32.1429,3.333,1.262,43.7278,20.4398,0.0534,3.1565,32.395,0.0184,0.0268,0.0171,13.8574,0.0112,0.0042,21.6746,0.0027,0.0028,0.0056,0.0004,0.0722,0.0001,9.7084,0.0045,0.0016
120.1,23.1,0.0079,0.0031,5.0198,0.0022,0.0058,0.0112,0.0608,0.0098,0.0117,0.0053,0.0075,0.0068,0.0125,10.989,0.016,15.0463,14.2553,0.0111,0.0768,0.0307,16.0711,102.7502,5.2569,74.1498,30.0967,41.773,0.0738,0.0368,24.0096,1.9463,1.0338,46.6043,17.6036,0.0937,2.4906,31.3095,0.0236,0.036,0.0218,13.351,0.013,0.0056,24.2201,0.0045,0.0041,0.0106,0.0007,0.0997,0.0001,9.8057,0.0063,0.0021
120.1,23.15,0.0218,0.0086,5.1959,0.0052,0.0139,0.0229,0.1228,0.02,0.0245,0.0114,0.0141,0.0145,0.0195,10.8089,0.0284,15.4963,19.6228,0.0205,0.1464,0.0532,17.8442,97.0252,5.9998,70.2404,27.3664,43.0849,1.9462,0.0559,18.6546,2.79,2.7631,52.5082,16.7015,0.1157,2.4211,27.9894,0.0447,0.0653,0.0372,6.9403,0.0329,0.0164,31.4224,0.007,0.0057,0.0188,0.0011,2.7389,0.0001,11.1412,0.0055,0.0017
120.1,23.2,0.0208,0.0082,6.6339,0.0042,0.0144,0.0207,1.1837,0.0181,0.0284,0.0137,0.0147,0.0169,0.0145,10.7587,0.0239,16.3413,19.359,0.0157,0.1155,0.0385,18.9205,99.0929,6.2733,78.3459,26.7344,42.1604,2.3844,0.0469,15.4834,3.3015,3.1956,63.2755,18.5331,0.1014,2.4137,28.7176,0.0383,0.0506,0.0267,4.6098,0.0181,0.0105,26.6125,0.0077,0.0055,0.0228,0.0013,3.2717,0.0002,12.5466,0.0088,0.0026
120.1,23.25,0.0181,0.0072,5.8867,0.0031,0.0221,0.0282,0.1474,0.0247,0.0212,0.0106,0.0097,0.0128,0.017,13.6769,0.0313,16.5072,22.9589,0.015,0.1123,0.0344,23.8587,94.253,5.8384,77.7595,25.4205,41.3395,3.1269,0.031,7.9567,3.8333,3.3407,59.7373,15.8529,0.0799,2.0109,22.8045,0.049,0.0583,0.0295,3.4647,0.0118,0.0082,25.6903,0.0097,0.006,0.0314,0.0018,3.2737,0.0002,12.7731,0.0111,0.0032
120.1,23.3,0.014,0.0056,6.7587,0.002,0.0213,0.0243,0.1251,0.0213,0.0225,0.0115,0.009,0.0137,0.0109,11.9764,0.0224,19.1408,24.1497,0.0156,0.1198,0.0339,29.017,97.7834,4.7556,74.3666,25.8059,41.5843,2.6737,0.0167,3.575,3.2438,2.8889,58.0581,11.8085,0.0665,1.0856,18.9238,0.0353,0.0378,0.0187,1.3691,0.0092,0.0078,32.3605,0.006,0.0032,0.021,0.0012,2.0536,0.0002,10.8094,0.0102,0.0028
120.1,23.35,0.0207,0.0083,6.8711,0.0024,0.0209,0.0214,0.1088,0.0189,0.0174,0.0092,0.006,0.0107,0.0087,12.4327,0.0201,18.7105,25.6269,0.0103,0.0807,0.0212,31.523,74.2573,4.0548,72.4539,26.919,39.3836,1.7851,0.0105,0.0365,1.9902,1.8158,58.2101,9.8575,0.045,0.0597,15.3211,0.03,0.0288,0.0139,0.023,0.0069,0.0074,27.6938,0.0077,0.0035,0.029,0.0016,2.1718,0.0002,10.773,0.0062,0.0017
120.15,22.9,0.0044,0.0015,6.265,0.0026,0.0017,0.0096,0.0554,0.0078,0.0083,0.0023,0.0078,0.0043,0.007,17.3304,0.0053,16.1683,4.0097,0.0058,0.0269,0.0211,13.7771,135.778,6.0512,91.3447,40.8689,37.2737,0.0434,0.0328,44.5006,6.5842,0.0524,41.3656,29.6372,1.0145,6.5062,37.3678,0.0238,0.0311,0.0226,13.7538,0.0244,0.0055,9.2467,0.0043,0.0057,0.0064,0.0003,0.0402,0,6.6099,0.0033,0.0007
120.15,22.95,0.0094,0.0032,5.4808,0.0046,0.0037,0.0145,1.038,0.0119,0.012,0.0037,0.0102,0.0063,0.0077,15.5586,0.007,13.2971,6.4968,0.009,0.045,0.0298,11.8221,126.5031,5.8515,97.9671,37.7386,39.4015,1.0679,0.0293,40.8111,6.9155,2.6083,44.8668,26.2075,1.4707,6.3975,36.4068,0.0331,0.0447,0.0313,16.4816,0.0354,0.009,11.566,0.0043,0.0055,0.0063,0.0004,0.0604,0,6.9562,0.0046,0.001
120.15,23,0.0142,0.005,4.9052,0.006,0.0052,0.0154,1.3171,0.0126,0.0162,0.0054,0.0126,0.0087,0.0131,11.975,0.0141,14.9753,8.2921,0.0093,0.0494,0.0282,13.6279,135.1738,6.2592,89.2424,38.223,38.5334,1.6979,0.025,43.5336,5.7179,2.5785,45.8602,22.2408,1.2159,6.133,36.4989,0.0308,0.0432,0.0291,15.796,0.0238,0.0068,14.1063,0.0041,0.0051,0.0074,0.0005,0.0681,0,8.6212,0.0045,0.0011
120.15,23.05,0.0198,0.0071,5.7221,0.0071,0.0094,0.0225,1.7716,0.0185,0.0253,0.0091,0.0179,0.0137,0.016,13.7988,0.0201,19.2445,12.6961,0.0128,0.0725,0.0359,15.3124,131.2079,6.6146,78.4254,34.1509,38.3913,1.9721,0.0486,35.8087,5.3098,2.9247,44.6443,22.6752,1.109,5.3988,35.8321,0.0426,0.0623,0.0401,14.7952,0.0349,0.0113,12.9543,0.0055,0.0065,0.0127,0.0007,1.1882,0.0001,10.5157,0.0064,0.0018
120.15,23.1,0.02,0.0073,5.9531,0.0061,0.0145,0.0289,1.1268,0.0237,0.0245,0.0094,0.0156,0.0134,0.017,11.5408,0.0246,18.508,17.1447,0.015,0.0904,0.0389,18.1658,122.4096,5.6329,73.7105,32.0847,37.9849,2.2593,0.0466,27.3006,3.9686,2.5805,50.8711,17.7731,0.0991,3.8266,31.7798,0.0319,0.0489,0.0299,13.1365,0.0213,0.0079,9.6084,0.0064,0.0067,0.017,0.001,2.305,0.0001,12.9623,0.0055,0.0015
120.15,23.15,0.02,0.0074,5.8236,0.0052,0.014,0.0237,1.6562,0.0195,0.0298,0.0122,0.017,0.0165,0.0161,9.7374,0.0266,17.2129,21.2187,0.018,0.1142,0.0433,17.4248,105.3499,5.6214,82.1036,27.6144,42.1566,2.4299,0.0581,20.7882,2.9723,3.3938,52.9422,17.7206,0.1064,3.6412,28.9643,0.0428,0.0626,0.0359,7.5802,0.0175,0.0075,8.5621,0.0079,0.0073,0.0237,0.0013,3.999,0.0001,11.1135,0.0076,0.0019
120.15,23.2,0.0178,0.0066,5.7442,0.0039,0.0143,0.021,1.7152,0.0173,0.0242,0.0104,0.0123,0.0136,0.0095,10.5458,0.0176,18.9509,20.9771,0.0137,0.0906,0.0305,20.307,94.981,5.5725,77.7426,27.3181,41.7774,3.2496,0.0329,15.6406,3.6813,4.0541,69.1042,17.8322,0.0769,2.9742,32.0049,0.0302,0.0399,0.0212,7.3459,0.0161,0.0081,16.5374,0.0073,0.0059,0.0242,0.0013,4.4337,0.0001,12.4782,0.0085,0.0021
120.15,23.25,0.0153,0.0058,5.4585,0.0028,0.0156,0.0201,1.0773,0.0166,0.0253,0.0115,0.0113,0.0144,0.0089,13.3465,0.0186,17.5849,24.4901,0.0116,0.08,0.0242,24.3781,102.6539,4.8166,77.0376,27.247,43.7198,3.9501,0.0229,10.201,4.2117,4.4445,63.038,14.7768,0.0846,2.046,23.167,0.0326,0.0389,0.0198,2.9731,0.0178,0.0107,26.258,0.0076,0.0054,0.0278,0.0014,3.5,0.0001,11.2237,0.0086,0.002
120.15,23.3,0.0221,0.0084,5.2276,0.0033,0.0217,0.0249,0.1339,0.0206,0.026,0.0123,0.0101,0.0149,0.0104,12.8421,0.0242,16.2677,24.7881,0.0147,0.1047,0.0285,26.2293,89.3209,4.1043,74.4336,27.2487,42.5086,3.0248,0.0258,4.0014,3.5995,3.5766,56.6802,11.6335,0.0592,1.2362,16.8662,0.0355,0.038,0.0189,1.7821,0.0077,0.0057,28.1116,0.0057,0.0035,0.0226,0.0012,2.5609,0.0002,13.1893,0.0093,0.0021
120.15,23.35,0.0288,0.011,6.0682,0.0035,0.0299,0.0309,0.1644,0.0257,0.0324,0.016,0.0108,0.0187,0.0098,13.222,0.0254,17.0891,27.7212,0.0137,1.8881,0.0248,31.806,74.8097,3.5507,66.4998,28.0697,38.4045,2.6875,0.0212,1.1339,3.0374,2.8556,62.0129,11.4541,0.0726,0.0981,16.2248,0.0552,0.053,0.0257,0.0257,0.0078,0.0073,32.8006,0.004,0.002,0.0167,0.0008,2.5549,0.0002,15.8419,0.0112,0.0025
120.2,22.9,0.0085,0.0024,5.0554,0.0057,0.0021,0.0131,2.1198,0.0101,0.0142,0.0029,0.0133,0.007,0.0124,18.1049,0.0106,17.9671,5.3708,0.0127,0.0526,0.0451,14.8554,145.7629,5.165,105.3447,41.2034,35.7601,1.0118,0.057,56.9021,8.7195,2.8507,41.1478,28.1684,2.7069,8.4144,37.5776,0.0491,0.0645,0.047,20.4375,0.0658,0.0125,9.3157,0.0072,0.0094,0.01,0.0004,0.0652,0,8.9578,0.0049,0.0006
120.2,22.95,0.0133,0.004,5.9619,0.0074,0.0066,0.0278,1.0322,0.0214,0.0189,0.0043,0.0161,0.0094,0.0115,16.9383,0.0119,18.6077,7.8028,0.0153,0.0709,0.0491,13.8356,145.1079,5.6484,98.3194,41.6719,39.3956,1.4991,0.0598,49.6849,8.2386,3.578,49.6407,26.2461,3.5652,7.9786,34.4003,0.0457,0.062,0.0437,16.8658,0.0518,0.0111,7.1456,0.0088,0.0113,0.0121,0.0006,0.1023,0,7.894,0.008,0.0011
120.2,23,0.0245,0.0077,6.1079,0.0115,0.0087,0.0274,1.6526,0.0211,0.0263,0.0069,0.0204,0.0133,0.0202,13.1406,0.0248,18.5242,9.81,0.0198,0.1,0.0574,14.0828,141.0567,5.9742,98.9669,37.9117,39.355,2.4841,0.0826,43.7586,7.2795,4.5286,53.9172,20.909,3.1921,7.3706,32.62,0.0643,0.0905,0.0613,16.4365,0.0711,0.0173,8.2389,0.0116,0.0143,0.0198,0.0011,0.1451,0,8.5819,0.0099,0.0015
120.2,23.05,0.0272,0.0088,5.7159,0.0107,0.0107,0.0266,2.0997,0.0206,0.0259,0.0077,0.0182,0.0133,0.0164,12.1715,0.0235,17.7503,11.6356,0.0127,0.0692,0.0337,15.4001,139.0389,5.5563,81.7136,35.8528,37.7348,2.2215,0.0646,36.4829,5.3398,3.9374,58.5719,19.6838,2.5226,6.8083,35.8335,0.0497,0.0729,0.0472,14.9151,0.0294,0.0082,4.4096,0.0076,0.0091,0.0171,0.0009,1.1707,0,9.922,0.0049,0.0009
120.2,23.1,0.0202,0.0067,5.9675,0.0067,0.0061,0.0126,1.8533,0.0098,0.0215,0.007,0.0135,0.0111,0.0115,13.4352,0.0188,20.0432,17.8113,0.0118,0.0683,0.0286,18.7215,133.1285,5.761,84.1148,35.1494,39.6255,1.9238,0.056,33.178,4.2167,3.7784,61.4159,19.2279,1.6913,5.3992,34.9541,0.0357,0.0549,0.0337,13.21,0.0162,0.0052,6.7368,0.0038,0.0044,0.0109,0.0005,1.8243,0,13.377,0.0046,0.0009
120.2,23.15,0.019,0.0065,6.2843,0.0053,0.0109,0.0189,2.0985,0.0146,0.0269,0.0096,0.0151,0.0141,0.0076,11.4676,0.0142,21.0618,24.0548,0.0172,0.1042,0.038,18.9991,125.605,5.5759,77.8976,34.442,41.5437,2.6914,0.0608,26.1344,3.9218,4.9336,68.6105,20.6718,1.044,5.3599,26.312,0.0338,0.0495,0.0285,8.2909,0.0085,0.0032,9.5753,0.0058,0.0063,0.0198,0.001,4.1689,0,13.4506,0.0055,0.001
120.2,23.2,0.0198,0.0069,6.3273,0.0046,0.0118,0.0176,1.8883,0.0137,0.027,0.0104,0.0135,0.0143,0.0063,12.1067,0.0125,20.4433,25.4936,0.0112,0.0712,0.0229,21.8672,122.3373,4.5873,76.0783,29.5559,42.9348,3.6085,0.0507,16.5853,4.5607,4.8261,72.9721,20.2594,0.0863,4.0281,27.0795,0.0332,0.044,0.0236,7.1425,0.0176,0.0077,16.0413,0.0076,0.0072,0.0288,0.0014,3.936,0.0001,12.5821,0.009,0.0017
120.2,23.25,0.0167,0.0059,5.3105,0.0033,0.0116,0.0153,1.2893,0.0118,0.0181,0.0075,0.0079,0.0097,0.0043,12.9677,0.0101,18.577,25.6989,0.0118,0.0778,0.0221,21.3709,107.8048,4.1513,75.0492,27.9681,42.5417,3.6754,0.0314,11.3147,4.253,5.0236,65.2329,16.8159,0.0862,2.0325,23.6024,0.0327,0.039,0.0199,4.7338,0.0088,0.0047,23.7333,0.0034,0.0028,0.0143,0.0007,3.6667,0.0001,12.2529,0.0074,0.0013
120.2,23.3,0.0315,0.0113,4.8545,0.005,0.0157,0.0183,1.4569,0.0142,0.0219,0.0096,0.0083,0.0119,0.0106,14.0202,0.0279,16.8177,25.4565,0.0122,0.0831,0.021,26.9307,95.193,4.0857,67.3402,26.3959,42.6911,3.3656,0.0303,5.0974,3.7411,4.14,56.6236,10.3334,0.0846,0.1048,18.3331,0.0352,0.0377,0.0188,1.8622,0.0089,0.0058,24.3665,0.0068,0.0048,0.0308,0.0014,2.2889,0.0001,11.8058,0.011,0.002
120.25,22.9,0.0104,0.003,6.0303,0.008,0.0025,0.0177,2.4772,0.0139,0.0196,0.004,0.0179,0.0086,0.0138,17.3688,0.0154,17.6671,5.8567,0.0131,0.0495,0.0439,15.616,139.9372,5.1547,133.5395,40.9344,35.4113,1.0966,0.0665,64.4146,9.4455,3.4451,43.2995,27.6327,3.8393,9.3777,40.588,0.061,0.0822,0.0586,18.3306,0.0684,0.0125,4.6265,0.0052,0.0063,0.0066,0.0004,0.0584,0,9.6667,0.0056,0.0004
120.25,22.95,0.0134,0.0041,6.1938,0.0086,0.0025,0.0115,1.4267,0.009,0.0147,0.0032,0.0123,0.0066,0.0097,16.5689,0.0128,17.2137,7.7896,0.0109,0.046,0.033,15.2682,142.5483,4.6553,94.5699,42.6104,41.1885,1.529,0.0401,57.0305,8.4895,3.3722,52.8754,26.4097,3.732,8.9071,38.9449,0.0481,0.067,0.046,14.3249,0.0474,0.0099,3.8963,0.0056,0.0066,0.007,0.0005,0.0526,0,9.3146,0.0044,0.0004
120.25,23,0.0148,0.0048,5.3079,0.008,0.0064,0.0214,1.449,0.0168,0.0207,0.005,0.0157,0.0094,0.0144,14.6402,0.0219,17.79,9.012,0.0138,0.0635,0.0377,13.5211,143.3553,5.6014,94.404,38.3883,36.0052,2.991,0.0653,51.5949,7.6112,5.0085,55.6684,23.8682,3.4917,9.3768,38.2989,0.0425,0.0615,0.0407,12.0001,0.0321,0.0076,3.0711,0.0068,0.0079,0.0105,0.0008,0.1132,0.0001,9.303,0.0084,0.0009
120.25,23.05,0.0261,0.0088,6.7941,0.0119,0.0129,0.0343,1.3909,0.0269,0.0258,0.007,0.0178,0.0119,0.0161,13.5628,0.0279,23.5034,12.094,0.0174,0.0858,0.0431,16.6322,146.3095,6.0037,83.9822,36.9333,38.9668,3.999,0.0844,45.3112,6.5117,5.1263,63.5227,24.3516,4.3861,8.6718,38.1035,0.0599,0.0905,0.0571,18.7541,0.0504,0.0137,7.2255,0.0088,0.0099,0.0178,0.0012,3.0208,0.0001,11.0608,0.0075,0.001
120.25,23.1,0.023,0.008,5.6165,0.0089,0.0103,0.0225,1.8176,0.0176,0.0238,0.0072,0.0147,0.0111,0.0063,13.5293,0.011,18.727,16.6224,0.0133,0.0692,0.0297,19.816,138.4907,5.6546,77.6458,34.8354,38.0123,3.0676,0.0578,35.5144,4.079,3.7502,69.7168,22.5361,3.2495,7.3085,37.4507,0.0444,0.0679,0.0406,14.3925,0.0408,0.0129,9.1241,0.0049,0.0052,0.0124,0.0008,2.9795,0.0001,10.5563,0.0057,0.0009
120.25,23.15,0.0183,0.0066,5.9802,0.006,0.014,0.0257,2.2993,0.0201,0.0288,0.0095,0.016,0.0135,0.007,11.6596,0.013,19.635,20.1891,0.0135,0.074,0.0275,20.0507,140.126,4.9949,74.3986,34.4062,40.6117,3.5654,0.0589,27.5567,4.4018,5.6839,73.4497,22.9648,2.5491,6.8558,34.6015,0.0305,0.0423,0.0238,10.6542,0.0193,0.0071,8.1857,0.0065,0.0067,0.0203,0.0012,3.7442,0.0001,12.3771,0.0072,0.0012
120.25,23.2,0.0254,0.0093,6.1884,0.0071,0.0089,0.0141,2.1889,0.011,0.0258,0.0093,0.0127,0.0123,0.006,10.9357,0.0146,18.9942,22.9051,0.0158,0.0905,0.0294,21.7069,131.5206,4.4898,74.6624,32.104,46.1811,3.6408,0.0373,18.7658,3.2903,4.5805,70.44,21.4441,1.1478,4.8633,35.4476,0.0406,0.0511,0.0266,7.0626,0.0201,0.0087,10.532,0.0056,0.0055,0.0209,0.0012,3.8498,0.0001,12.4645,0.0065,0.0011
120.25,23.25,0.0147,0.0055,5.5605,0.0035,0.0118,0.0163,1.9798,0.0127,0.026,0.01,0.0113,0.0125,0.0089,11.1324,0.0239,19.0231,25.4167,0.0142,0.0841,0.024,22.8538,126.6841,4.0312,75.9146,28.1424,42.5417,5.1597,0.0252,13.6232,4.8348,6.3425,70.6987,17.7664,0.0912,3.2689,29.1241,0.0311,0.0354,0.0181,4.1639,0.0179,0.0094,12.1055,0.0076,0.007,0.0338,0.0019,4.0618,0.0001,11.9709,0.0073,0.0013
120.25,23.3,0.0243,0.0093,5.1504,0.0048,0.0159,0.0193,1.5992,0.0151,0.0238,0.0097,0.009,0.0115,0.0103,12.4543,0.0304,15.7332,24.3863,0.0128,0.0782,0.0197,23.3853,104.8929,3.5952,69.9465,26.9881,43.213,4.669,0.0275,6.8732,4.5244,5.6024,64.3756,13.6644,0.0909,1.9241,22.1806,0.0474,0.0487,0.0243,1.972,0.0146,0.0094,20.7969,0.0082,0.0065,0.04,0.0021,2.7825,0.0002,12.1703,0.0106,0.0018
120.25,23.35,0.0423,0.0164,6.3822,0.007,0.0251,0.0273,1.6328,0.0213,0.0416,0.018,0.0135,0.0204,0.0182,12.236,0.0587,14.9976,25.3418,0.0198,1.842,0.0278,28.2551,80.6343,3.0467,69.3645,31.2361,43.7818,4.903,0.0315,2.6704,4.4364,5.6061,66.4281,13.3767,0.1307,1.0522,19.368,0.0757,0.07,0.034,0.0351,0.0109,0.0089,35.184,0.0114,0.0078,0.0596,0.0031,4.1627,0.0002,12.6598,0.012,0.0021
120.3,22.9,0.0138,0.0053,5.4237,0.0118,0.0045,0.0168,1.1606,0.0156,0.0223,0.0065,0.0191,0.0101,0.0118,15.6602,0.0201,17.4774,4.0469,0.0154,0.0499,0.0476,17.2937,153.2098,5.955,92.234,38.964,35.2039,2.2029,0.0877,56.8876,9.2408,3.7105,43.2318,28.1628,5.0604,10.9842,40.9796,0.0969,0.141,0.0922,14.1853,0.0644,0.0149,4.3408,0.0034,0.0033,0.0037,0.0005,0.0822,0.0001,9.2353,0.0091,0.001
120.3,22.95,0.0166,0.0067,6.8927,0.0122,0.0049,0.0229,1.6902,0.021,0.0233,0.0069,0.0183,0.0098,0.0086,15.5802,0.0162,18.8494,7.5216,0.0209,0.0741,0.0583,15.7945,154.1781,5.9725,98.6192,41.4256,37.9188,4.1772,0.0739,57.5788,9.2742,5.8633,54.4146,30.0439,6.363,10.7451,45.1149,0.0781,0.1178,0.0742,14.1385,0.0472,0.0124,4.2566,0.0075,0.007,0.0079,0.0013,0.0888,0.0001,10.0291,0.0087,0.0011
120.3,23,0.0114,0.0048,5.2814,0.0072,0.0058,0.021,1.1282,0.0192,0.0251,0.0075,0.0181,0.0097,0.0099,13.245,0.0203,16.7578,8.3328,0.0154,0.0588,0.0389,12.7513,153.1464,5.9427,98.2617,39.7985,39.504,4.3058,0.0685,55.3673,6.9665,5.9518,56.7718,27.6634,6.0132,10.9617,43.1136,0.0575,0.0881,0.0532,13.4727,0.0677,0.0204,3.4633,0.0077,0.007,0.0093,0.0015,1.2586,0.0001,9.4038,0.0071,0.0011
120.3,23.05,0.0273,0.0119,6.1165,0.0151,0.0125,0.0365,1.2694,0.0333,0.0243,0.0077,0.016,0.009,0.0109,13.3239,0.0244,17.2666,9.8903,0.0201,0.0816,0.0462,14.912,139.0733,5.8975,98.2834,35.284,38.8685,5.7497,0.0807,47.2293,7.4822,6.7461,64.8664,28.0684,6.2119,10.5123,44.2621,0.0625,0.0882,0.0508,14.7845,0.0512,0.0177,4.7379,0.0129,0.0111,0.0195,0.0027,2.3948,0.0003,11.3619,0.0136,0.0025
120.3,23.1,0.0255,0.0115,5.5734,0.0123,0.0121,0.029,1.3256,0.0264,0.0372,0.0124,0.0223,0.0139,0.0108,10.7599,0.0263,17.6942,12.3352,0.0201,0.0861,0.042,18.0399,140.9738,5.1683,87.7322,33.2548,37.7629,4.7736,0.0637,40.1199,4.8196,5.7201,69.8172,23.0079,4.6123,7.7322,41.2531,0.0813,0.1057,0.0575,12.8,0.0422,0.0169,6.1723,0.0083,0.0069,0.0154,0.0019,2.4005,0.0002,10.8248,0.0062,0.0013
120.3,23.15,0.0185,0.0085,5.4013,0.0078,0.0075,0.0154,1.7622,0.0139,0.0203,0.0071,0.011,0.0077,0.0053,12.2055,0.0139,19.7618,17.8603,0.0132,0.0592,0.0252,20.7866,136.3946,5.0303,79.1977,32.2937,38.3428,4.7724,0.046,29.7229,2.9738,5.5465,67.6899,24.0217,3.5261,7.5646,36.6439,0.0541,0.0646,0.0341,10.0255,0.014,0.0065,7.0952,0.0075,0.0059,0.0166,0.0018,4.654,0.0002,11.6665,0.0053,0.0013
120.3,23.2,0.0168,0.0079,6.4057,0.0062,0.0059,0.0104,2.2244,0.0094,0.0229,0.0083,0.0112,0.0087,0.0058,11.5557,0.0163,22.5007,23.4448,0.0066,0.031,0.0115,22.0333,133.9769,4.4488,74.8617,30.5713,43.9473,4.8939,0.0304,24.1897,4.0004,6.0043,74.9002,22.8784,3.0015,5.7908,31.3949,0.0554,0.0608,0.0315,6.1576,0.0258,0.0142,9.529,0.0104,0.0077,0.0269,0.0028,4.3232,0.0001,12.8089,0.003,0.0008
120.3,23.25,0.028,0.0134,6.4076,0.0091,0.0116,0.0179,1.7577,0.016,0.0232,0.0087,0.0102,0.0089,0.006,10.7609,0.0182,16.2206,24.205,0.0172,0.0828,0.0271,24.5884,124.2583,4.3189,81.4939,28.1693,40.6125,5.517,0.0397,16.2436,4.5603,6.4397,70.8619,19.8677,2.2047,3.5033,31.2549,0.0572,0.0574,0.0292,3.7031,0.0155,0.0102,13.3234,0.0081,0.0057,0.0243,0.0023,4.152,0.0004,14.2056,0.0098,0.0024
120.3,23.3,0.0387,0.0188,5.3389,0.011,0.0188,0.0258,1.2474,0.0229,0.0397,0.0155,0.0155,0.0154,0.0127,9.5055,0.0408,13.454,19.3577,0.027,0.1342,0.0389,23.0203,106.2897,3.5198,70.505,25.5367,44.2522,6.4763,0.0406,10.5897,4.3271,6.6161,66.9254,15.293,0.156,2.4472,25.0256,0.0956,0.0877,0.0436,1.8837,0.0167,0.0135,14.0038,0.0114,0.0079,0.039,0.0035,4.1509,0.0006,10.8638,0.0148,0.0037
120.3,23.35,0.0239,0.0118,5.8988,0.0059,0.0156,0.0191,1.228,0.0169,0.0324,0.013,0.0112,0.0127,0.0124,10.7593,0.0424,14.2274,24.8004,0.0208,0.106,0.0272,24.9283,100.4365,2.8411,65.7095,29.5958,46.1555,8.634,0.0244,5.1871,5.3891,8.1491,65.2929,14.6806,0.1002,1.5016,18.737,0.0585,0.0489,0.0236,0.0298,0.0092,0.0094,19.5917,0.0094,0.0064,0.0362,0.0031,4.0478,0.0003,17.3357,0.0084,0.0021
120.3,23.4,0.025,0.0124,7.1273,0.0053,0.0211,0.0233,1.5635,0.0205,0.0332,0.0137,0.0105,0.013,0.013,13.3683,0.047,15.8281,27.1664,0.0222,0.1158,0.0264,31.2861,83.5565,2.6526,62.9512,31.6948,43.9088,7.8662,0.0223,0.0785,5.1631,7.5807,67.8368,12.7579,0.0887,0.0948,16.0931,0.0658,0.05,0.0234,0.0123,0.0035,0.0047,18.7957,0.0085,0.0058,0.0371,0.0031,4.3717,0.0005,16.5615,0.0114,0.0029
120.35,22.9,0.0122,0.0055,6.3381,0.011,0.0052,0.0184,1.3977,0.0191,0.0232,0.0084,0.0189,0.0116,0.0082,16.7871,0.0192,16.9638,3.4984,0.0147,0.0425,0.0428,19.7585,141.7519,6.1622,86.2232,41.4151,36.8806,2.7282,0.0834,61.7734,7.6903,3.9167,43.613,28.0031,6.1602,9.7698,42.8696,0.0684,0.104,0.0621,19.4867,0.0598,0.0169,3.9497,0.0114,0.0073,0.0087,0.0019,0.063,0.0001,11.2445,0.0078,0.0011
120.35,22.95,0.0182,0.0087,5.603,0.0145,0.0072,0.0182,1.1662,0.0188,0.0214,0.0076,0.0161,0.0099,0.0098,13.3882,0.0243,18.3977,5.8052,0.0195,0.0607,0.0515,16.3378,143.5105,5.0807,90.9296,37.0825,36.1757,4.4739,0.0758,64.9302,6.7228,5.5514,50.5717,28.4941,6.8144,10.2842,47.337,0.0828,0.1172,0.0673,19.0004,0.0674,0.0217,4.0591,0.0187,0.0117,0.0141,0.0034,0.0973,0.0002,11.0422,0.0087,0.0014
120.35,23,0.0194,0.0097,6.2245,0.0137,0.0071,0.0233,0.1114,0.0239,0.0147,0.0051,0.0101,0.0062,0.0106,12.5792,0.0277,16.8124,6.7486,0.0156,0.0519,0.0375,13.5393,139.2829,5.3635,88.126,34.6132,38.7477,5.6471,0.05,58.098,6.4182,6.1338,60.96,27.4267,7.3944,10.5775,42.1069,0.0792,0.1044,0.0574,15.0692,0.0632,0.0232,4.6697,0.009,0.0055,0.0073,0.0018,0.1072,0.0003,11.7082,0.0108,0.002
120.35,23.05,0.0237,0.0122,5.9006,0.0148,0.0081,0.0258,1.2968,0.0264,0.0163,0.0057,0.0104,0.0064,0.0103,10.8851,0.0286,18.6822,8.6875,0.0196,0.0685,0.0428,13.5387,136.2138,4.7704,85.2473,35.6208,38.2238,5.0815,0.0808,49.0654,5.6886,5.8375,61.464,24.6159,7.3745,9.424,38.9344,0.0998,0.1223,0.0664,10.8995,0.0656,0.0277,3.7706,0.0187,0.0113,0.0193,0.004,1.5556,0.0004,12.8504,0.0127,0.0027
120.35,23.1,0.0357,0.0189,5.5578,0.0199,0.013,0.0346,1.3489,0.0351,0.0326,0.0117,0.019,0.0117,0.0094,12.305,0.0273,19.5084,12.6242,0.0228,0.0834,0.0453,17.2039,138.8369,5.266,81.9494,35.3933,39.5263,6.0046,0.0962,40.7647,4.5263,6.8848,72.7533,26.6734,6.8568,9.4643,39.8207,0.1117,0.1272,0.0681,9.3046,0.0494,0.0241,4.8726,0.0208,0.0123,0.0263,0.0048,2.438,0.0005,12.4169,0.0109,0.0027
120.35,23.15,0.0214,0.0116,6.5999,0.0106,0.0103,0.0234,0.1129,0.0235,0.0266,0.0096,0.0142,0.0087,0.0073,10.7778,0.0222,16.9531,13.2812,0.0219,0.0832,0.0396,19.5624,143.6591,5.039,76.9529,37.5306,42.3836,6.3518,0.0553,35.9258,4.0341,6.5839,73.6308,26.4099,6.1384,8.852,40.0257,0.0973,0.1029,0.0541,8.6426,0.031,0.0176,5.9162,0.0155,0.0092,0.0235,0.0039,3.0783,0.0004,13.0076,0.0082,0.0023
120.35,23.2,0.0248,0.0137,6.8353,0.011,0.0128,0.0253,1.9355,0.0253,0.04,0.0147,0.0195,0.0124,0.0076,11.5673,0.0214,21.2423,21.0563,0.0252,0.0992,0.0416,23.3289,136.1908,4.8264,73.4394,35.5311,42.6554,6.9153,0.051,30.0678,4.5377,7.1762,73.6263,24.5593,5.1048,6.7895,37.6972,0.1227,0.1203,0.0621,5.04,0.0355,0.0237,6.3836,0.0097,0.0059,0.0174,0.0026,3.8573,0.0003,13.4818,0.0047,0.0015
120.35,23.25,0.0236,0.0133,7.1061,0.0094,0.0147,0.0254,1.909,0.0252,0.0293,0.0109,0.013,0.0092,0.0089,10.0425,0.0296,18.242,20.356,0.0249,0.101,0.0374,23.4252,138.2463,4.1847,77.2396,29.0453,43.3541,7.7992,0.0424,18.6473,4.5508,6.7205,71.6117,21.593,2.8238,3.9531,32.6622,0.0858,0.0777,0.0393,1.6693,0.0217,0.0173,8.3149,0.0158,0.0097,0.033,0.0046,3.9292,0.0004,14.4521,0.007,0.0022
120.35,23.3,0.0303,0.0173,6.0986,0.0107,0.0161,0.0248,1.6805,0.0244,0.0322,0.0121,0.0129,0.0101,0.0115,10.3698,0.0398,16.2417,23.5687,0.0265,0.1103,0.0361,25.8533,124.3422,3.663,76.705,27.4675,48.3084,9.5347,0.0407,13.7237,5.7203,9.108,68.7906,20.205,3.2462,3.6223,28.512,0.088,0.0736,0.0364,1.428,0.0235,0.0227,12.0667,0.0123,0.0077,0.0298,0.0039,3.8921,0.0008,14.4868,0.0131,0.0041
120.35,23.35,0.0257,0.0149,6.9844,0.0081,0.0164,0.0226,1.9417,0.022,0.0316,0.0119,0.0114,0.01,0.0116,15.2294,0.0414,20.2086,28.3704,0.0259,0.1106,0.0321,29.5767,125.633,3.6331,70.2318,30.2225,50.5101,12.2925,0.041,8.4665,7.8593,11.8174,73.4117,18.6059,3.1154,3.1807,23.3213,0.0991,0.0764,0.0367,0.066,0.0204,0.0247,14.716,0.0136,0.0085,0.037,0.0046,4.638,0.0009,18.9799,0.0144,0.0045
120.35,23.4,0.0297,0.0174,8.1776,0.0083,0.0213,0.0264,1.6119,0.0255,0.0405,0.0155,0.0131,0.0129,0.0121,15.5206,0.0449,18.9373,31.6185,0.0238,1.4799,0.0268,30.3756,89.0142,2.9813,63.5494,34.5506,45.619,10.7843,0.0434,2.7357,6.582,9.741,80.8174,16.2308,1.9227,2.1558,21.7774,0.0822,0.0583,0.0271,0.0451,0.013,0.0204,14.5174,0.0086,0.0053,0.0259,0.003,4.8415,0.0009,18.0526,0.014,0.0044
120.4,22.9,0.0154,0.0078,4.8637,0.0146,0.0079,0.0202,0.0875,0.023,0.0186,0.0077,0.0145,0.0099,0.0085,15.1038,0.0257,17.346,2.5758,0.0211,0.0557,0.0588,21.1406,151.3248,6.7897,96.6445,44.747,42.8107,4.3195,0.0954,76.1021,7.4564,4.669,46.6359,34.6195,7.1073,9.9423,45.4959,0.1006,0.1328,0.0747,17.3516,0.0808,0.0271,4.3762,0.0145,0.0069,0.0088,0.0025,0.0586,0.0002,10.3449,0.0081,0.0013
120.4,22.95,0.0125,0.0066,4.8362,0.0106,0.0062,0.0217,0.0946,0.0245,0.0141,0.0057,0.0102,0.007,0.0078,13.1928,0.0242,17.111,5.1916,0.0209,0.0586,0.0529,20.1267,142.1892,5.6873,90.7424,40.5059,40.1935,4.9045,0.076,65.8681,6.0604,5.5759,49.8172,29.6004,7.8955,10.3078,50.2719,0.0767,0.095,0.0529,16.1625,0.067,0.0256,3.6759,0.0105,0.0049,0.0063,0.0019,0.0878,0.0003,13.1894,0.0109,0.002
120.4,23,0.0197,0.0109,5.7583,0.015,0.0086,0.0117,0.0516,0.0132,0.0103,0.004,0.0069,0.0047,0.0049,14.0026,0.0157,17.727,5.6117,0.0196,0.0579,0.0452,14.4562,144.0538,5.3731,88.3999,36.1837,39.1207,5.4639,0.0874,58.4752,5.5948,6.0567,55.7052,28.4574,8.439,10.4394,41.0904,0.0831,0.0966,0.053,10.1251,0.0484,0.0211,3.1292,0.006,0.0029,0.0037,0.0012,0.075,0.0003,13.9844,0.0085,0.0018
120.4,23.05,0.0165,0.0095,5.6646,0.0113,0.0068,0.016,0.0705,0.0178,0.0171,0.0065,0.0106,0.0071,0.0055,11.7447,0.0179,16.2838,8.648,0.0214,0.066,0.0449,13.8668,140.5779,5.8607,83.1712,34.897,38.5876,6.7849,0.0915,49.016,5.0823,6.846,55.311,28.5068,8.5358,10.6229,38.5036,0.1166,0.1271,0.0688,11.1443,0.0513,0.0256,3.5001,0.0091,0.0045,0.007,0.002,1.4514,0.0004,13.4753,0.0095,0.0023
120.4,23.1,0.0151,0.0089,4.7489,0.0093,0.0058,0.0132,0.0586,0.0146,0.0112,0.0042,0.0064,0.0043,0.0046,9.0383,0.0155,15.9602,8.4382,0.0205,0.0655,0.0391,14.8626,134.8427,4.4209,83.1648,34.9905,39.2279,5.6701,0.0663,42.8646,3.8759,5.7624,64.9733,27.8887,7.4948,9.3059,39.6143,0.0914,0.0932,0.0497,8.4251,0.0388,0.0223,3.4709,0.0125,0.0064,0.0119,0.0029,2.1941,0.0003,13.9428,0.0067,0.0018
120.4,23.15,0.0198,0.012,5.3065,0.011,0.0081,0.0203,0.0911,0.0223,0.0187,0.007,0.0098,0.0066,0.0066,11.2378,0.0226,17.6546,12.2309,0.0214,0.0707,0.0372,18.5814,136.7551,4.2914,78.8037,35.4292,42.7069,8.6721,0.0772,39.1656,4.9791,8.3094,73.8739,27.5222,6.977,7.7535,43.7876,0.1313,0.1253,0.0657,7.0828,0.0298,0.0199,4.2311,0.0183,0.0096,0.0208,0.0046,2.4111,0.0002,14.6544,0.004,0.0012
120.4,23.2,0.0236,0.0146,5.8489,0.0119,0.0092,0.0202,1.6906,0.022,0.031,0.0114,0.015,0.01,0.0078,9.3316,0.0275,17.3648,13.7061,0.0239,0.0816,0.038,18.9496,129.8865,3.9921,74.9545,31.4978,44.7958,10.9295,0.0622,30.9199,5.9086,9.3762,74.8447,23.9341,7.0889,7.0823,43.5413,0.1393,0.1242,0.0639,3.6797,0.0252,0.0198,4.8282,0.0147,0.008,0.0198,0.004,2.6271,0.0004,15.1897,0.0059,0.002
120.4,23.25,0.0196,0.0124,6.6784,0.0089,0.0085,0.0164,1.3555,0.0176,0.0322,0.0118,0.0144,0.0096,0.0075,9.3551,0.0268,20.3405,15.5072,0.0265,0.0927,0.0382,23.3614,125.3467,3.753,74.8401,29.1882,44.4683,10.9345,0.0651,24.5638,6.6542,9.632,71.3846,24.0168,6.2693,5.6001,39.2484,0.1305,0.1086,0.0546,2.8015,0.0135,0.0126,7.563,0.011,0.0062,0.0174,0.0033,3.7599,0.0006,15.2483,0.0076,0.0028
120.4,23.3,0.0357,0.0229,6.8138,0.0147,0.015,0.0258,1.1973,0.0275,0.0402,0.0146,0.0164,0.0121,0.0114,11.5458,0.0417,16.8303,18.151,0.034,0.1221,0.0447,24.1383,117.5125,3.0431,73.0307,29.0463,45.321,13.6896,0.0576,17.0644,7.1899,11.3409,72.9723,21.763,5.4286,3.8798,33.3025,0.1153,0.0893,0.0439,1.3396,0.0161,0.0181,8.1726,0.0138,0.0079,0.0249,0.0044,3.6495,0.0007,15.758,0.0092,0.0033
120.4,23.35,0.0382,0.0249,6.966,0.0142,0.0178,0.0275,1.4536,0.029,0.0397,0.0143,0.0148,0.0126,0.0136,14.3786,0.0507,21.8784,23.6694,0.0325,0.1192,0.04,30.6752,116.2083,2.8309,64.2546,27.4677,45.8249,16.9208,0.0573,12.0623,9.1023,14.0931,79.1723,21.8576,5.8349,3.9475,33.7372,1.3418,0.1024,0.049,0.0574,0.0178,0.0247,9.1304,0.0149,0.0085,0.03,0.0049,4.4076,0.0009,19.5673,0.0123,0.0045
120.4,23.4,0.0277,0.0183,7.8887,0.0093,0.0224,0.0313,1.793,0.0326,0.0387,0.0138,0.0131,0.0128,0.0178,11.981,0.0673,17.3112,24.6789,0.0329,0.1228,0.0383,30.2126,102.2517,2.907,58.1642,28.7729,39.979,12.9701,0.0476,4.9898,8.4089,11.5098,78.8832,16.152,3.9218,2.8013,21.9913,0.1442,0.0964,0.0447,0.0568,0.0164,0.0292,10.8557,0.0112,0.0064,0.025,0.0039,5.9872,0.0011,19.5979,0.0148,0.0054
120.45,22.95,0.0171,0.0098,5.5047,0.0152,0.0091,0.0175,0.0703,0.0214,0.0116,0.0051,0.0081,0.006,0.0051,11.4778,0.0194,16.1335,4.0182,0.028,0.0721,0.0687,22.1545,141.0588,8.1265,98.2442,40.5249,41.7124,6.4211,1.6109,63.73,6.7933,6.8735,56.9904,33.6362,11.0625,11.8667,44.2055,0.1713,1.3384,0.1051,16.9462,0.1049,0.0466,4.39,0.0144,0.0059,0.0074,0.0027,0.0638,0.0003,14.9358,0.0087,0.0017
120.45,23,0.0187,0.0112,5.5817,0.015,0.0093,0.0177,0.0718,0.0214,0.0181,0.0077,0.0118,0.0087,0.0081,12.3753,0.0309,20.2555,5.5372,0.0297,0.0796,0.0663,17.8496,152.9503,7.2503,91.7621,37.5192,40.2875,7.2877,1.1024,71.6717,6.0824,7.3675,59.9965,33.8427,11.9337,12.7255,45.4005,0.1788,1.0934,0.1022,16.641,0.099,0.0502,3.7664,0.008,0.0028,0.0034,0.0013,0.1086,0.0006,11.2654,0.0135,0.003
120.45,23.05,0.0271,0.0168,5.6906,0.0197,0.0126,0.0234,0.0956,0.028,0.0165,0.0068,0.01,0.0073,0.0046,11.4243,0.0176,17.7544,6.5464,0.0299,0.083,0.0609,15.2398,144.4713,6.653,89.8572,37.0781,41.0414,8.0676,0.1253,60.259,5.6343,7.7837,63.2033,32.5796,11.1747,11.616,43.9685,1.3521,1.1458,0.0979,15.1955,0.0889,0.0516,3.1969,0.0102,0.0045,0.0063,0.0022,1.2228,0.0005,11.1393,0.0108,0.0028
120.45,23.1,0.0152,0.0098,5.0109,0.0101,0.0067,0.0106,0.0437,0.0126,0.016,0.0064,0.009,0.0065,0.0037,10.9703,0.0141,15.9904,9.5822,0.0293,0.0838,0.0544,14.734,137.2192,6.0809,79.5873,30.639,39.5975,8.5987,0.0715,46.7239,5.2233,7.7594,62.2618,30.4796,9.435,9.1484,43.84,1.1599,0.1428,0.0758,12.0711,0.0553,0.0369,3.2451,0.0148,0.0068,0.0112,0.0035,1.849,0.0004,12.5792,0.0065,0.0018
120.45,23.15,0.015,0.0099,5.5971,0.0091,0.008,0.0184,0.0771,0.0217,0.0245,0.0094,0.0128,0.0092,0.0083,9.5763,0.0316,20.7831,10.6235,0.0326,0.0959,0.0552,18.7035,143.7755,6.1193,88.4411,35.8501,43.1687,11.1411,0.0817,40.0158,6.948,10.6743,70.6426,29.6804,10.0352,9.2077,47.4306,1.855,0.1502,0.0784,8.9094,0.0379,0.0293,4.3658,0.0279,0.0134,0.0251,0.0071,2.8067,0.0008,14.3815,0.0123,0.0039
120.45,23.2,0.0196,0.0132,6.8049,0.0108,0.0076,0.0156,0.0657,0.0181,0.0194,0.0072,0.0094,0.0067,0.01,7.8058,0.0384,20.5668,13.2828,0.0289,0.0869,0.0455,22.4061,135.405,5.2502,80.5993,33.2529,45.3385,14.9303,0.0543,33.3634,8.35,13.8312,81.9433,28.3665,10.3139,8.058,46.9491,2.4249,0.1245,0.0637,5.6566,0.0193,0.0175,5.5238,0.0202,0.0102,0.0216,0.0056,3.14,0.0007,14.2934,0.0098,0.0035
120.45,23.25,0.0409,0.0282,7.116,0.0206,0.0151,0.0289,1.1209,0.0332,0.0435,0.0158,0.0195,0.0137,0.01,9.6986,0.0382,21.024,17.4934,0.04,0.1233,0.0598,27.8849,132.3454,4.797,75.5023,32.0461,47.9694,18.2659,0.0914,30.1319,10.2788,16.4913,76.4784,30.3563,10.0007,7.7126,47.1467,3.7649,0.2481,0.1243,5.0746,0.025,0.0266,10.4863,0.0222,0.0118,0.0279,0.0066,4.3722,0.001,15.1438,0.0121,0.0047
120.45,23.3,0.035,0.0246,7.4028,0.0161,0.0155,0.0298,1.1717,0.0339,0.0442,0.0156,0.0183,0.0142,0.0125,11.0784,0.048,21.945,17.2251,0.0508,1.0501,0.0721,27.9192,127.9734,4.4792,64.0177,30.054,44.6589,18.776,0.0938,22.1776,9.4693,15.301,79.8938,26.5622,9.3465,6.5301,42.6457,4.7514,1.0314,0.1149,4.2332,0.037,0.0473,10.6074,0.0231,0.0124,0.0326,0.0072,4.3354,0.0009,17.986,0.0108,0.0044
120.45,23.35,0.0342,0.0244,7.4054,0.0144,0.0168,0.0291,1.5076,0.0328,0.052,0.018,0.0199,0.0175,0.0168,10.1482,0.0646,17.6415,17.9143,0.0442,1.9771,0.0596,29.5486,110.4201,4.288,54.4213,30.674,41.3213,20.5096,0.0741,15.7091,10.2755,16.9967,87.6702,25.1894,10.1969,7.38,33.3554,5.6929,0.1696,0.0807,2.3816,0.0228,0.0356,8.8922,0.0164,0.0089,0.0257,0.0054,4.419,0.001,19.3028,0.0115,0.0047
120.45,23.4,0.0392,0.0285,7.5192,0.0151,0.0145,0.0228,1.3082,0.0253,0.04,0.0135,0.0141,0.0141,0.0118,13.4603,0.0455,19.4143,20.5017,0.0349,0.1134,0.0447,28.8409,107.1039,3.0924,58.0977,30.7863,38.4395,16.9487,0.0527,8.0074,9.0411,14.4579,77.2303,19.3419,7.4514,5.2622,24.59,3.7399,0.1676,0.0773,0.0696,0.0202,0.0398,6.5734,0.0118,0.0064,0.0204,0.004,6.8795,0.0011,21.5913,0.0118,0.0048
120.5,23,0.0177,0.0113,7.9344,0.0149,0.0096,0.0179,0.0671,0.0229,0.0241,0.0109,0.0153,0.012,0.0061,13.2171,0.027,18.8707,5.538,0.0398,0.0984,0.0868,20.5918,159.4969,7.6667,96.9818,39.7063,43.3058,10.5698,1.662,67.2812,8.0049,10.2398,61.3846,39.135,13.7707,13.5914,48.6918,3.4576,2.5462,0.1092,16.5385,0.0719,0.0418,4.2515,0.0198,0.0078,0.0091,0.004,0.101,0.0006,12.4658,0.0137,0.0033
120.5,23.05,0.0257,0.017,6.6233,0.0197,0.0132,0.0253,0.0961,0.0321,0.0239,0.0104,0.0142,0.011,0.0071,12.6634,0.0305,20.2036,6.9562,0.0469,0.119,0.0933,17.6014,149.5523,6.8025,95.7209,38.8044,43.0547,11.0394,0.1166,61.1044,6.901,10.2126,64.3101,35.5854,13.405,12.6639,46.9043,3.6499,2.4798,0.1234,16.4861,0.0984,0.0653,5.0575,0.0163,0.0067,0.0084,0.0036,1.3825,0.0007,12.6549,0.0137,0.0037
120.5,23.1,0.0184,0.0126,5.4166,0.013,0.0089,0.0173,0.0667,0.0218,0.0237,0.01,0.0131,0.0101,0.0068,11.7658,0.0287,19.776,9.8834,0.0432,0.1122,0.0801,16.4831,155.1374,6.382,92.9616,35.1934,41.8049,11.6846,0.1127,54.3625,6.9419,10.784,65.7871,32.9866,12.1949,9.7609,42.0681,2.8689,1.321,0.0929,13.9735,0.0885,0.0674,3.9997,0.03,0.0129,0.0186,0.007,1.7895,0.0007,15.9508,0.0116,0.0035
120.5,23.15,0.0243,0.0171,6.1955,0.0157,0.0111,0.0199,0.0776,0.0247,0.0321,0.0129,0.0166,0.0125,0.0067,10.3867,0.028,21.7834,10.8004,0.0417,0.1105,0.0732,20.641,155.353,7.3441,85.5759,37.5031,43.705,14.2591,0.092,42.3003,8.8643,12.4767,80.6352,33.3297,12.4739,8.8314,45.5235,3.6774,1.4404,0.0928,10.5811,0.0552,0.0485,4.9946,0.0248,0.0112,0.0184,0.0063,2.655,0.0006,13.3353,0.0086,0.0028
120.5,23.2,0.0261,0.0188,7.6939,0.0155,0.0137,0.0258,0.1023,0.0318,0.0283,0.011,0.0136,0.0101,0.0114,8.8858,0.0467,23.5668,11.7664,0.0489,0.1321,0.0816,25.1277,157.8221,6.803,92.9132,36.5507,45.3805,18.2503,0.0671,40.8709,9.7815,15.9999,94.2073,30.9434,12.0628,7.6125,47.364,4.4927,1.9165,0.1045,8.4766,0.0493,0.0504,5.6773,0.0175,0.0084,0.0154,0.0048,3.1727,0.0008,15.5042,0.0108,0.0039
120.5,23.25,0.0267,0.0197,6.3678,0.0146,0.0153,0.0273,0.11,0.0333,0.0344,0.0129,0.0155,0.0113,0.0104,9.5135,0.0419,22.4817,16.7853,0.0617,1.1289,0.0979,29.0154,147.3364,6.0478,80.2794,33.8867,49.5292,20.8586,0.1092,31.8161,11.5304,16.9235,91.8396,29.8709,12.9418,7.4673,37.8708,6.5651,2.018,0.1311,4.3397,0.0428,0.0514,6.3736,0.0159,0.008,0.0163,0.0047,3.0041,0.0006,15.5893,0.0071,0.0028
120.5,23.3,0.0378,0.0285,8.1186,0.019,0.0149,0.0208,1.4119,0.025,0.05,0.0181,0.021,0.0169,0.016,10.3916,0.0638,24.1999,21.894,0.0716,2.6036,0.1083,33.2757,122.1556,6.245,74.7126,33.5343,50.5838,24.4066,0.137,27.7124,12.3382,21.2971,95.1724,31.1665,15.717,10.7451,44.0649,10.8644,3.4179,0.1898,5.9084,0.0658,0.0941,11.3775,0.0342,0.0175,0.0391,0.0107,4.622,0.0015,18.5432,0.0156,0.0068
120.5,23.35,0.0397,0.0305,5.8419,0.0184,0.0149,0.0205,0.0841,0.024,0.0398,0.0139,0.0155,0.0141,0.0144,12.7938,0.0569,20.2082,18.7671,0.0527,1.6215,0.076,32.5502,102.7522,4.6823,57.582,29.9798,43.759,21.5425,0.0894,17.4564,11.3484,19.7349,81.5827,25.2474,12.3809,7.9041,32.4041,7.8805,1.7496,0.1272,2.8446,0.0455,0.0787,11.6851,0.0144,0.0075,0.0182,0.0047,6.8226,0.0011,19.5678,0.0108,0.0048
120.5,23.4,0.0326,0.0258,4.8879,0.0139,0.0148,0.0232,0.0955,0.0265,0.0566,0.0191,0.0205,0.0209,0.0177,11.614,0.0691,18.8012,16.6917,0.0613,0.1758,0.0844,28.4144,93.8212,2.9493,51.9607,28.9275,40.3577,18.3553,0.0633,10.5835,9.5719,16.9755,74.0604,20.3606,9.2092,5.5407,23.5622,5.3024,0.2086,0.0959,0.088,0.0256,0.0551,8.6669,0.015,0.0079,0.0208,0.005,6.4282,0.0017,17.1394,0.0166,0.0075
120.55,23.05,0.0165,0.0114,7.8046,0.0132,0.0093,0.0191,0.0652,0.0246,0.0263,0.012,0.0153,0.0125,0.0066,12.8743,0.0318,21.1727,9.4772,0.0525,0.1231,0.1065,20.1544,185.5407,6.9832,101.0792,38.7407,46.3546,11.4208,0.1291,62.0005,6.8489,10.1187,62.1572,34.6496,12.3973,10.073,42.2064,5.4147,2.3526,0.0945,12.4803,0.0669,0.0501,3.1384,0.0179,0.0069,0.0079,0.0039,1.2105,0.0006,15.2268,0.0114,0.0032
120.55,23.1,0.0243,0.0175,8.6805,0.0179,0.0127,0.0224,0.0772,0.0283,0.0292,0.0128,0.016,0.0128,0.0055,13.6012,0.024,22.4151,10.6631,0.0452,0.1076,0.087,18.8124,184.063,6.3375,100.7513,37.9152,47.8647,12.4431,0.0883,57.7788,7.0815,10.5726,61.2063,34.2441,11.7345,9.1486,45.8252,5.7602,2.7464,0.0726,8.7118,0.0599,0.0513,4.9876,0.0271,0.011,0.0142,0.0064,1.5246,0.0007,14.1999,0.0113,0.0035
120.55,23.15,0.0269,0.0199,6.4151,0.0183,0.0133,0.0179,0.0624,0.0222,0.0267,0.0112,0.0137,0.0108,0.0072,11.5981,0.0323,22.2183,12.1098,0.0506,1.0606,0.0926,21.9795,174.2525,6.5429,97.3492,36.9711,48.6943,13.7607,0.0753,41.7832,8.9468,11.6853,73.3516,30.6951,11.7744,7.8593,45.7121,5.424,1.9793,0.1188,7.5125,0.0365,0.036,3.2195,0.0276,0.0119,0.0172,0.007,2.206,0.0008,15.1302,0.011,0.0037
120.55,23.2,0.0196,0.0149,8.3367,0.0123,0.0132,0.0236,0.0828,0.0287,0.0297,0.0119,0.0143,0.011,0.0069,10.4252,0.0303,22.6438,11.4543,0.0493,0.9537,0.0859,22.8835,174.1294,6.0088,96.6628,34.3436,49.1954,16.0041,0.0936,34.8257,8.4748,13.0936,85.7774,26.6516,11.7653,6.0395,39.221,6.5492,2.0166,0.1128,7.9599,0.0355,0.0405,4.5307,0.0135,0.0062,0.0099,0.0037,2.769,0.0007,14.4968,0.0082,0.003
120.55,23.25,0.038,0.0297,7.505,0.0221,0.0171,0.0273,0.0969,0.0325,0.0378,0.0146,0.0171,0.0129,0.0116,10.8554,0.0493,22.7492,15.0362,0.068,1.2477,0.113,27.3595,161.1642,5.8521,87.8011,33.5143,52.3167,17.5136,0.0808,27.7584,9.8206,14.477,83.5795,25.9989,12.221,6.5661,36.6045,7.2945,2.6242,0.119,5.9397,0.0587,0.0783,7.2639,0.0223,0.0108,0.019,0.0067,4.3422,0.0016,12.5657,0.0178,0.0072
120.55,23.3,0.0402,0.0321,6.5816,0.0217,0.0183,0.0299,0.1071,0.0348,0.0514,0.0191,0.0217,0.018,0.0147,10.1437,0.0607,22.3321,16.4399,0.1064,2.494,0.1688,31.3115,155.272,5.417,77.2823,34.7939,49.6287,20.3627,0.129,23.538,11.2301,16.3774,95.9592,24.6033,13.0196,8.3052,37.9917,9.5421,3.1111,0.1809,5.6055,0.064,0.1008,9.1909,0.0254,0.0125,0.024,0.0079,5.5383,0.0018,19.9844,0.0183,0.008
120.55,23.35,0.0413,0.0336,7.0798,0.0206,0.0169,0.0232,0.0838,0.0263,0.0353,0.0126,0.014,0.013,0.0145,12.6471,0.0586,22.2804,19.4759,0.094,2.8648,0.1425,34.8464,125.0618,4.6361,62.9617,32.6679,49.5496,19.1487,0.0977,14.4603,9.7236,16.5719,74.3461,20.2768,11.3564,6.7151,29.5732,8.3466,1.9619,0.1726,3.6897,0.0498,0.0944,9.1967,0.0267,0.0134,0.0278,0.0086,6.6494,0.0022,21.8321,0.0203,0.0096
120.6,23.1,0.0282,0.0211,10.3399,0.0216,0.0157,0.0272,0.0815,0.0333,0.0286,0.013,0.0155,0.0129,0.009,16.1098,0.0456,24.8524,12.2849,0.0622,1.6939,0.1234,21.1583,200.2263,6.7085,106.1076,45.9767,53.1735,12.3469,0.1318,57.6733,8.1974,10.6431,70.3951,34.5208,12.0614,7.4955,50.6242,8.3495,3.5103,0.1439,13.4199,0.0921,0.088,4.7481,0.0506,0.0198,0.023,0.012,2.1216,0.001,14.6123,0.0154,0.0049
120.6,23.15,0.0274,0.0211,9.5972,0.0194,0.0145,0.023,0.0698,0.0276,0.0413,0.0179,0.0211,0.0172,0.0078,15.5091,0.0377,28.5918,14.5535,0.0801,1.9082,0.1514,24.4994,203.5775,6.6613,103.0863,41.7405,53.1987,14.132,0.1172,45.1216,8.2143,10.8744,81.431,30.654,12.0343,6.0757,46.2796,9.2146,2.8679,0.1199,13.8308,0.0737,0.0807,6.4138,0.0318,0.0132,0.017,0.0081,2.4947,0.0014,15.2663,0.0184,0.0064
120.6,23.2,0.0349,0.0278,9.7808,0.023,0.0218,0.038,0.1173,0.0448,0.0464,0.0192,0.0223,0.0177,0.0131,11.7463,0.0605,23.8507,12.7065,0.0727,2.2766,0.1311,23.9308,188.3875,7.1795,98.5072,38.791,55.5825,14.6966,0.1185,36.1574,8.456,12.5259,81.8126,25.282,12.2229,6.1037,37.0128,9.4659,3.2891,0.1446,8.0824,0.0879,0.1109,5.728,0.0316,0.014,0.0198,0.0088,3.5515,0.0017,16.2509,0.0198,0.0075
120.6,23.25,0.0354,0.0289,9.3161,0.0217,0.021,0.0349,0.1095,0.0404,0.0485,0.0192,0.0219,0.017,0.0171,11.6116,0.0759,23.7507,14.294,0.1114,2.0857,0.1921,25.8721,173.5421,5.7236,100.6237,33.6927,49.0842,15.1388,0.1175,25.1701,9.1924,12.7572,88.5145,21.7953,11.2189,6.1573,31.5324,8.4745,2.9795,0.1526,6.7993,0.104,0.1524,6.6634,0.0309,0.0146,0.0223,0.0092,5.4241,0.0022,15.3208,0.0235,0.0096
120.65,23.15,0.0172,0.0138,12.3096,0.0127,0.0096,0.0168,0.0452,0.0196,0.0294,0.013,0.0149,0.0125,0.0067,15.9049,0.0342,25.2988,12.5178,0.0654,1.4461,1.0547,17.8957,221.8609,6.1607,107.8105,38.3186,53.7505,10.7746,0.0815,36.0614,5.4957,9.2811,71.5635,24.4924,10.683,4.6294,35.2425,8.8913,2.52,0.0991,10.5516,0.069,0.0832,4.6056,0.023,0.0093,0.0106,0.0059,2.7616,0.0011,16.1731,0.0137,0.0049
120.65,23.2,0.0258,0.0213,11.4131,0.0177,0.0137,0.0207,0.057,0.0238,0.028,0.0118,0.0134,0.011,0.0091,13.965,0.0442,26.5107,13.627,0.0781,2.4864,1.5875,21.7634,208.5801,6.1792,106.2639,36.0624,51.2461,12.3569,0.0875,27.8683,6.9573,11.9451,76.6526,22.3027,12.0874,5.3633,32.4893,10.2657,3.0524,0.1304,6.7509,0.0538,0.0744,4.5096,0.0225,0.0097,0.0121,0.0063,3.6491,0.0012,17.0033,0.0135,0.0052
120.65,23.25,0.0302,0.0256,11.8819,0.0194,0.0194,0.0317,0.089,0.0358,0.039,0.0157,0.0177,0.014,0.0145,10.8628,0.067,24.6823,12.5803,0.1151,2.2397,1.1521,25.5225,172.4325,5.5966,96.0865,33.5536,44.7747,13.8248,0.0961,22.239,7.5398,11.7154,66.7003,19.1511,10.8837,6.3154,27.1583,10.5898,2.9998,0.1838,5.2181,0.1304,0.2085,4.8067,0.0391,0.018,0.0241,0.0117,5.4321,0.0024,19.3512,0.0249,0.0103
