﻿縣市別代碼,行政區域代碼,監測週期,陽性率,總卵粒數 
67000,67000370,112年第12週,9.58%,705
67000,67000270,112年第12週,9.38%,347
67000,67000340,112年第12週,9.85%,947
67000,67000310,112年第12週,7.36%,1041
67000,67000360,112年第12週,12.82%,496
67000,67000350,112年第12週,13.89%,1909
67000,67000320,112年第12週,6.48%,700
67000,67000330,112年第12週,10.36%,1345
67000,67000010,112年第12週,9.72%,299
67000,67000280,112年第12週,9.52%,122
67000,67000370,112年第13週,9.58%,506
67000,67000270,112年第13週,12.50%,870
67000,67000340,112年第13週,10.10%,1047
67000,67000310,112年第13週,7.17%,779
67000,67000360,112年第13週,8.33%,384
67000,67000350,112年第13週,13.89%,2317
67000,67000320,112年第13週,6.85%,755
67000,67000330,112年第13週,15.09%,1485
67000,67000010,112年第13週,9.72%,330
67000,67000280,112年第13週,9.52%,130
67000,67000370,112年第14週,12.92%,755
67000,67000270,112年第14週,14.06%,633
67000,67000340,112年第14週,11.62%,1229
67000,67000310,112年第14週,10.47%,1228
67000,67000360,112年第14週,11.54%,337
67000,67000350,112年第14週,18.95%,2659
67000,67000320,112年第14週,7.78%,941
67000,67000330,112年第14週,16.89%,2063
67000,67000010,112年第14週,6.94%,219
67000,67000280,112年第14週,7.14%,90
67000,67000370,112年第15週,13.75%,670
67000,67000270,112年第15週,9.90%,497
67000,67000340,112年第15週,11.87%,820
67000,67000310,112年第15週,8.91%,1312
67000,67000360,112年第15週,11.54%,403
67000,67000350,112年第15週,14.38%,2110
67000,67000320,112年第15週,10.74%,1170
67000,67000330,112年第15週,14.64%,1428
67000,67000010,112年第15週,5.56%,223
67000,67000280,112年第15週,5.95%,53
67000,67000370,112年第16週,25.00%,1432
67000,67000270,112年第16週,20.31%,861
67000,67000340,112年第16週,20.20%,2104
67000,67000310,112年第16週,20.74%,3542
67000,67000360,112年第16週,21.79%,1537
67000,67000350,112年第16週,28.92%,5123
67000,67000320,112年第16週,19.63%,2200
67000,67000330,112年第16週,21.62%,2313
67000,67000010,112年第16週,12.50%,376
67000,67000280,112年第16週,19.05%,260
67000,67000370,112年第17週,15.42%,837
67000,67000270,112年第17週,15.63%,724
67000,67000340,112年第17週,25.00%,2237
67000,67000310,112年第17週,16.67%,2206
67000,67000360,112年第17週,16.67%,731
67000,67000350,112年第17週,25.82%,4332
67000,67000320,112年第17週,14.44%,1843
67000,67000330,112年第17週,17.57%,1880
67000,67000010,112年第17週,12.50%,396
67000,67000280,112年第17週,21.43%,201
67000,67000370,112年第18週,19.17%,1109
67000,67000270,112年第18週,18.75%,872
67000,67000340,112年第18週,25.51%,2323
67000,67000310,112年第18週,17.44%,2073
67000,67000360,112年第18週,23.08%,848
67000,67000350,112年第18週,25.49%,3995
67000,67000320,112年第18週,18.52%,2789
67000,67000330,112年第18週,19.59%,2310
67000,67000010,112年第18週,11.11%,253
67000,67000280,112年第18週,14.29%,109
67000,67000370,112年第19週,19.17%,1443
67000,67000270,112年第19週,28.13%,1309
67000,67000340,112年第19週,23.99%,2363
67000,67000310,112年第19週,18.02%,2237
67000,67000360,112年第19週,26.92%,1013
67000,67000350,112年第19週,32.19%,4862
67000,67000320,112年第19週,22.59%,3876
67000,67000330,112年第19週,25.90%,3513
67000,67000010,112年第19週,16.67%,499
67000,67000280,112年第19週,15.48%,178
67000,67000370,112年第21週,29.58%,2063
67000,67000270,112年第21週,41.15%,1942
67000,67000340,112年第21週,32.83%,3588
67000,67000310,112年第21週,29.26%,3882
67000,67000360,112年第21週,33.97%,1540
67000,67000350,112年第21週,47.55%,8738
67000,67000320,112年第21週,30.00%,4966
67000,67000330,112年第21週,38.51%,6197
67000,67000010,112年第21週,18.06%,604
67000,67000280,112年第21週,29.76%,593
67000,67000370,112年第22週,35.83%,2969
67000,67000270,112年第22週,34.38%,1423
67000,67000340,112年第22週,38.89%,4955
67000,67000310,112年第22週,32.56%,4592
67000,67000360,112年第22週,39.10%,2013
67000,67000350,112年第22週,50.98%,10797
67000,67000320,112年第22週,32.04%,5703
67000,67000330,112年第22週,37.84%,5496
67000,67000010,112年第22週,23.61%,817
67000,67000280,112年第22週,34.52%,746
67000,67000370,112年第23週,37.92%,2791
67000,67000270,112年第23週,31.77%,1417
67000,67000340,112年第23週,31.31%,3810
67000,67000310,112年第23週,33.14%,4889
67000,67000360,112年第23週,28.85%,1471
67000,67000350,112年第23週,47.22%,10350
67000,67000320,112年第23週,33.33%,5497
67000,67000330,112年第23週,37.61%,6444
67000,67000010,112年第23週,29.17%,979
67000,67000280,112年第23週,28.57%,500
67000,67000370,112年第24週,38.33%,2838
67000,67000270,112年第24週,39.58%,2075
67000,67000340,112年第24週,33.08%,4039
67000,67000310,112年第24週,37.79%,6743
67000,67000360,112年第24週,29.49%,1212
67000,67000350,112年第24週,44.44%,8490
67000,67000320,112年第24週,38.89%,6963
67000,67000330,112年第24週,43.24%,6027
67000,67000010,112年第24週,22.22%,922
67000,67000280,112年第24週,35.71%,1157
67000,67000370,112年第26週,52.08%,5082
67000,67000270,112年第26週,47.40%,2649
67000,67000340,112年第26週,49.24%,7691
67000,67000310,112年第26週,52.33%,10061
67000,67000360,112年第26週,59.62%,3463
67000,67000350,112年第26週,70.26%,21253
67000,67000320,112年第26週,47.59%,10786
67000,67000330,112年第26週,55.63%,12562
67000,67000010,112年第26週,33.33%,1261
67000,67000280,112年第26週,46.43%,1824
67000,67000370,112年第27週,42.92%,3027
67000,67000270,112年第27週,34.90%,1651
67000,67000340,112年第27週,35.10%,3400
67000,67000310,112年第27週,39.53%,6382
67000,67000360,112年第27週,33.97%,1789
67000,67000350,112年第27週,48.20%,9225
67000,67000320,112年第27週,34.44%,4823
67000,67000330,112年第27週,39.41%,6859
67000,67000010,112年第27週,27.78%,1094
67000,67000280,112年第27週,42.86%,1287
67000,67000370,112年第28週,37.08%,2829
67000,67000270,112年第28週,28.13%,1282
67000,67000340,112年第28週,39.14%,4378
67000,67000310,112年第28週,38.57%,6546
67000,67000360,112年第28週,36.54%,2053
67000,67000350,112年第28週,51.47%,10195
67000,67000320,112年第28週,32.41%,4610
67000,67000330,112年第28週,38.29%,5319
67000,67000010,112年第28週,19.44%,712
67000,67000280,112年第28週,34.52%,1236
67000,67000370,112年第29週,30.83%,2411
67000,67000270,112年第29週,34.38%,1492
67000,67000340,112年第29週,32.83%,3019
67000,67000310,112年第29週,31.98%,4563
67000,67000360,112年第29週,28.85%,1375
67000,67000350,112年第29週,44.61%,7362
67000,67000320,112年第29週,22.59%,2386
67000,67000330,112年第29週,35.59%,4095
67000,67000010,112年第29週,23.61%,801
67000,67000280,112年第29週,34.52%,1225
67000,67000370,112年第30週,32.50%,2155
67000,67000270,112年第30週,29.17%,1058
67000,67000340,112年第30週,33.84%,3653
67000,67000310,112年第30週,29.26%,3510
67000,67000360,112年第30週,32.69%,1715
67000,67000350,112年第30週,46.08%,8433
67000,67000320,112年第30週,28.15%,3694
67000,67000330,112年第30週,33.78%,3221
67000,67000010,112年第30週,20.83%,677
67000,67000280,112年第30週,27.38%,600
67000,67000370,112年第20週,13.33%,726
67000,67000270,112年第20週,16.15%,532
67000,67000340,112年第20週,20.71%,1964
67000,67000310,112年第20週,12.21%,1346
67000,67000360,112年第20週,21.15%,526
67000,67000350,112年第20週,23.37%,3345
67000,67000320,112年第20週,16.48%,2516
67000,67000330,112年第20週,19.14%,1760
67000,67000010,112年第20週,18.06%,704
67000,67000280,112年第20週,15.48%,173
67000,67000370,112年第1週,6.25%,279
67000,67000270,112年第1週,5.21%,175
67000,67000340,112年第1週,4.80%,395
67000,67000310,112年第1週,3.49%,470
67000,67000360,112年第1週,3.21%,76
67000,67000350,112年第1週,5.23%,698
67000,67000320,112年第1週,2.78%,319
67000,67000330,112年第1週,5.63%,558
67000,67000010,112年第1週,4.17%,39
67000,67000280,112年第1週,0.00%,0
67000,67000370,112年第2週,7.50%,537
67000,67000270,112年第2週,6.25%,234
67000,67000340,112年第2週,6.57%,596
67000,67000310,112年第2週,6.59%,756
67000,67000360,112年第2週,10.26%,505
67000,67000350,112年第2週,9.48%,1285
67000,67000320,112年第2週,5.93%,871
67000,67000330,112年第2週,7.88%,760
67000,67000010,112年第2週,8.33%,106
67000,67000280,112年第2週,4.76%,151
67000,67000370,112年第3週,16.25%,1206
67000,67000270,112年第3週,7.29%,369
67000,67000340,112年第3週,9.60%,836
67000,67000310,112年第3週,7.56%,893
67000,67000360,112年第3週,12.18%,549
67000,67000350,112年第3週,9.80%,1379
67000,67000320,112年第3週,5.93%,561
67000,67000330,112年第3週,13.51%,1576
67000,67000010,112年第3週,9.72%,251
67000,67000280,112年第3週,9.52%,187
67000,67000370,112年第5週,17.50%,1032
67000,67000270,112年第5週,7.29%,269
67000,67000340,112年第5週,12.63%,1337
67000,67000310,112年第5週,6.40%,948
67000,67000360,112年第5週,12.82%,527
67000,67000350,112年第5週,12.25%,2175
67000,67000320,112年第5週,12.59%,1818
67000,67000330,112年第5週,17.34%,2241
67000,67000010,112年第5週,12.50%,515
67000,67000280,112年第5週,4.76%,98
67000,67000370,112年第6週,5.83%,296
67000,67000270,112年第6週,6.77%,181
67000,67000340,112年第6週,8.59%,865
67000,67000310,112年第6週,5.62%,815
67000,67000360,112年第6週,5.13%,321
67000,67000350,112年第6週,9.97%,1477
67000,67000320,112年第6週,8.89%,841
67000,67000330,112年第6週,10.59%,1363
67000,67000010,112年第6週,13.89%,381
67000,67000280,112年第6週,5.95%,84
67000,67000370,112年第7週,10.42%,631
67000,67000270,112年第7週,8.33%,324
67000,67000340,112年第7週,9.60%,1284
67000,67000310,112年第7週,6.59%,728
67000,67000360,112年第7週,11.54%,384
67000,67000350,112年第7週,11.76%,1548
67000,67000320,112年第7週,9.44%,1113
67000,67000330,112年第7週,11.71%,1392
67000,67000010,112年第7週,13.89%,507
67000,67000280,112年第7週,13.10%,229
67000,67000370,112年第8週,7.50%,435
67000,67000270,112年第8週,5.73%,199
67000,67000340,112年第8週,7.07%,765
67000,67000310,112年第8週,5.04%,634
67000,67000360,112年第8週,5.13%,234
67000,67000350,112年第8週,6.05%,823
67000,67000320,112年第8週,8.15%,648
67000,67000330,112年第8週,7.66%,744
67000,67000010,112年第8週,5.56%,268
67000,67000280,112年第8週,5.95%,101
67000,67000370,112年第9週,5.42%,356
67000,67000270,112年第9週,6.25%,190
67000,67000340,112年第9週,5.81%,454
67000,67000310,112年第9週,2.91%,284
67000,67000360,112年第9週,5.13%,264
67000,67000350,112年第9週,4.90%,564
67000,67000320,112年第9週,6.11%,494
67000,67000330,112年第9週,7.66%,829
67000,67000010,112年第9週,6.94%,159
67000,67000280,112年第9週,4.76%,64
67000,67000370,112年第10週,5.42%,256
67000,67000270,112年第10週,4.17%,139
67000,67000340,112年第10週,6.31%,384
67000,67000310,112年第10週,4.26%,440
67000,67000360,112年第10週,4.49%,255
67000,67000350,112年第10週,7.03%,1205
67000,67000320,112年第10週,5.19%,484
67000,67000330,112年第10週,9.46%,706
67000,67000010,112年第10週,5.56%,140
67000,67000280,112年第10週,7.14%,134
67000,67000370,112年第11週,7.92%,400
67000,67000270,112年第11週,6.77%,281
67000,67000340,112年第11週,8.08%,564
67000,67000310,112年第11週,7.95%,1004
67000,67000360,112年第11週,7.05%,272
67000,67000350,112年第11週,10.78%,1430
67000,67000320,112年第11週,5.74%,601
67000,67000330,112年第11週,12.16%,954
67000,67000010,112年第11週,5.56%,113
67000,67000280,112年第11週,8.33%,104
67000,67000370,112年第31週,32.92%,2026
67000,67000270,112年第31週,34.38%,1309
67000,67000340,112年第31週,31.82%,3486
67000,67000310,112年第31週,30.43%,3191
67000,67000360,112年第31週,43.59%,2068
67000,67000350,112年第31週,43.30%,7299
67000,67000320,112年第31週,27.41%,3248
67000,67000330,112年第31週,35.81%,4373
67000,67000010,112年第31週,27.78%,920
67000,67000280,112年第31週,27.38%,762
67000,67000370,112年第32週,38.33%,2731
67000,67000270,112年第32週,40.10%,1902
67000,67000340,112年第32週,37.37%,4210
67000,67000310,112年第32週,37.79%,5793
67000,67000360,112年第32週,39.74%,2392
67000,67000350,112年第32週,49.35%,9288
67000,67000320,112年第32週,35.37%,5363
67000,67000330,112年第32週,40.77%,6506
67000,67000010,112年第32週,27.78%,1014
67000,67000280,112年第32週,29.76%,990
67000,67000370,112年第33週,28.75%,1609
67000,67000270,112年第33週,32.81%,1417
67000,67000340,112年第33週,29.55%,3025
67000,67000310,112年第33週,31.20%,3731
67000,67000360,112年第33週,39.74%,1827
67000,67000350,112年第33週,39.05%,6241
67000,67000320,112年第33週,22.96%,2474
67000,67000330,112年第33週,35.14%,3395
67000,67000010,112年第33週,25.00%,997
67000,67000280,112年第33週,28.57%,897
67000,67000370,112年第34週,56.25%,4085
67000,67000270,112年第34週,50.00%,2511
67000,67000340,112年第34週,42.42%,5408
67000,67000310,112年第34週,44.38%,6329
67000,67000360,112年第34週,50.64%,3239
67000,67000350,112年第34週,57.03%,11156
67000,67000320,112年第34週,40.93%,6559
67000,67000330,112年第34週,53.60%,9077
67000,67000010,112年第34週,31.94%,1459
67000,67000280,112年第34週,51.19%,2310
67000,67000370,112年第35週,57.08%,5600
67000,67000270,112年第35週,69.27%,5614
67000,67000340,112年第35週,53.79%,8040
67000,67000310,112年第35週,52.13%,10041
67000,67000360,112年第35週,71.79%,5949
67000,67000350,112年第35週,63.89%,17988
67000,67000320,112年第35週,45.37%,8036
67000,67000330,112年第35週,58.11%,11074
67000,67000010,112年第35週,31.94%,1343
67000,67000280,112年第35週,42.86%,1712
67000,67000370,112年第36週,35.83%,1903
67000,67000270,112年第36週,58.85%,3273
67000,67000340,112年第36週,31.31%,3193
67000,67000310,112年第36週,31.20%,3902
67000,67000360,112年第36週,39.10%,1990
67000,67000350,112年第36週,41.99%,7562
67000,67000320,112年第36週,18.70%,2235
67000,67000330,112年第36週,29.28%,4266
67000,67000010,112年第36週,27.78%,1028
67000,67000280,112年第36週,22.62%,519
67000,67000370,112年第37週,25.83%,1264
67000,67000270,112年第37週,44.79%,2178
67000,67000340,112年第37週,25.76%,2247
67000,67000310,112年第37週,26.94%,3069
67000,67000360,112年第37週,40.38%,1679
67000,67000350,112年第37週,31.21%,4532
67000,67000320,112年第37週,18.52%,2136
67000,67000330,112年第37週,27.70%,3087
67000,67000010,112年第37週,27.78%,984
67000,67000280,112年第37週,16.67%,599
67000,67000370,112年第38週,57.50%,4327
67000,67000270,112年第38週,63.54%,5361
67000,67000340,112年第38週,46.72%,6089
67000,67000310,112年第38週,48.26%,8399
67000,67000360,112年第38週,66.67%,4442
67000,67000350,112年第38週,53.43%,11990
67000,67000320,112年第38週,41.67%,7160
67000,67000330,112年第38週,49.10%,8958
67000,67000010,112年第38週,37.50%,1273
67000,67000280,112年第38週,38.10%,1677
67000,67000370,112年第39週,43.75%,3159
67000,67000270,112年第39週,50.00%,3684
67000,67000340,112年第39週,38.38%,4607
67000,67000310,112年第39週,41.09%,6598
67000,67000360,112年第39週,51.92%,3460
67000,67000350,112年第39週,49.67%,11698
67000,67000320,112年第39週,37.22%,6077
67000,67000330,112年第39週,39.64%,5998
67000,67000010,112年第39週,27.78%,947
67000,67000280,112年第39週,51.19%,1668
67000,67000370,112年第40週,24.58%,1194
67000,67000270,112年第40週,39.06%,2620
67000,67000340,112年第40週,23.99%,2081
67000,67000310,112年第40週,30.04%,3906
67000,67000360,112年第40週,36.54%,1590
67000,67000350,112年第40週,34.64%,6055
67000,67000320,112年第40週,18.15%,2483
67000,67000330,112年第40週,30.41%,3788
67000,67000010,112年第40週,25.00%,807
67000,67000280,112年第40週,69.05%,2015
67000,67000370,112年第41週,25.83%,1436
67000,67000270,112年第41週,38.02%,2417
67000,67000340,112年第41週,25.25%,2027
67000,67000310,112年第41週,28.49%,3561
67000,67000360,112年第41週,23.72%,965
67000,67000350,112年第41週,31.05%,5405
67000,67000320,112年第41週,15.93%,2170
67000,67000330,112年第41週,26.13%,3552
67000,67000010,112年第41週,25.00%,992
67000,67000280,112年第41週,42.86%,1221
67000,67000370,112年第42週,25.00%,1658
67000,67000270,112年第42週,41.67%,2048
67000,67000340,112年第42週,23.99%,1953
67000,67000310,112年第42週,29.65%,3925
67000,67000360,112年第42週,25.64%,912
67000,67000350,112年第42週,27.12%,4477
67000,67000320,112年第42週,19.26%,2493
67000,67000330,112年第42週,29.73%,3541
67000,67000010,112年第42週,27.78%,746
67000,67000280,112年第42週,35.71%,604
67000,67000370,112年第48週,14.17%,745
67000,67000270,112年第48週,18.23%,1070
67000,67000340,112年第48週,11.11%,863
67000,67000310,112年第48週,16.28%,2319
67000,67000360,112年第48週,14.10%,513
67000,67000350,112年第48週,15.85%,2319
67000,67000320,112年第48週,7.22%,1134
67000,67000330,112年第48週,15.77%,1153
67000,67000010,112年第48週,23.61%,649
67000,67000280,112年第48週,9.52%,169
67000,67000370,112年第49週,12.08%,716
67000,67000270,112年第49週,16.67%,779
67000,67000340,112年第49週,7.58%,607
67000,67000310,112年第49週,10.47%,1513
67000,67000360,112年第49週,18.59%,835
67000,67000350,112年第49週,14.71%,2314
67000,67000320,112年第49週,7.78%,1018
67000,67000330,112年第49週,15.77%,1219
67000,67000010,112年第49週,19.44%,749
67000,67000280,112年第49週,5.95%,50
67000,67000370,112年第50週,12.92%,934
67000,67000270,112年第50週,20.83%,1427
67000,67000340,112年第50週,8.84%,892
67000,67000310,112年第50週,11.43%,1715
67000,67000360,112年第50週,17.31%,999
67000,67000350,112年第50週,15.52%,2148
67000,67000320,112年第50週,7.22%,728
67000,67000330,112年第50週,16.89%,1455
67000,67000010,112年第50週,19.44%,581
67000,67000280,112年第50週,8.33%,118
67000,67000370,112年第51週,12.08%,893
67000,67000270,112年第51週,17.19%,799
67000,67000340,112年第51週,6.82%,694
67000,67000310,112年第51週,11.24%,1770
67000,67000360,112年第51週,13.46%,661
67000,67000350,112年第51週,12.42%,2171
67000,67000320,112年第51週,7.22%,1074
67000,67000330,112年第51週,12.39%,1240
67000,67000010,112年第51週,11.11%,464
67000,67000280,112年第51週,1.19%,76
67000,67000370,112年第52週,7.50%,405
67000,67000270,112年第52週,6.77%,371
67000,67000340,112年第52週,1.52%,66
67000,67000310,112年第52週,5.23%,656
67000,67000360,112年第52週,4.49%,79
67000,67000350,112年第52週,5.39%,565
67000,67000320,112年第52週,1.85%,220
67000,67000330,112年第52週,4.28%,303
67000,67000010,112年第52週,6.94%,250
67000,67000280,112年第52週,1.19%,78
67000,67000370,112年第43週,32.50%,2323
67000,67000270,112年第43週,44.27%,3305
67000,67000340,112年第43週,30.56%,3066
67000,67000310,112年第43週,31.01%,4758
67000,67000360,112年第43週,42.95%,2361
67000,67000350,112年第43週,35.13%,7516
67000,67000320,112年第43週,18.33%,2632
67000,67000330,112年第43週,36.49%,5245
67000,67000010,112年第43週,22.22%,785
67000,67000280,112年第43週,32.14%,771
67000,67000370,112年第44週,27.50%,1844
67000,67000270,112年第44週,30.73%,2145
67000,67000340,112年第44週,22.22%,2032
67000,67000310,112年第44週,25.97%,4089
67000,67000360,112年第44週,29.49%,1411
67000,67000350,112年第44週,28.43%,5135
67000,67000320,112年第44週,18.70%,2351
67000,67000330,112年第44週,31.08%,4019
67000,67000010,112年第44週,26.39%,800
67000,67000280,112年第44週,27.38%,367
67000,67000370,112年第45週,24.58%,1663
67000,67000270,112年第45週,27.60%,1641
67000,67000340,112年第45週,19.44%,2019
67000,67000310,112年第45週,25.97%,3410
67000,67000360,112年第45週,24.36%,940
67000,67000350,112年第45週,24.35%,4433
67000,67000320,112年第45週,14.63%,2108
67000,67000330,112年第45週,24.55%,3287
67000,67000010,112年第45週,26.39%,937
67000,67000280,112年第45週,27.38%,333
67000,67000370,112年第46週,26.67%,1506
67000,67000270,112年第46週,24.48%,1072
67000,67000340,112年第46週,19.19%,1810
67000,67000310,112年第46週,20.93%,3005
67000,67000360,112年第46週,22.44%,893
67000,67000350,112年第46週,21.73%,3779
67000,67000320,112年第46週,10.74%,1336
67000,67000330,112年第46週,23.20%,2295
67000,67000010,112年第46週,26.39%,690
67000,67000280,112年第46週,19.05%,227
67000,67000370,112年第47週,19.17%,1257
67000,67000270,112年第47週,13.54%,425
67000,67000340,112年第47週,11.36%,800
67000,67000310,112年第47週,16.67%,2114
67000,67000360,112年第47週,15.38%,500
67000,67000350,112年第47週,19.44%,3128
67000,67000320,112年第47週,8.70%,1220
67000,67000330,112年第47週,18.24%,1490
67000,67000010,112年第47週,18.06%,537
67000,67000280,112年第47週,16.67%,198
