DistrictCode,DistrictName,VillageID,VillageName
6700100,新營區,6700100-001,忠政里
6700100,新營區,6700100-002,民權里
6700100,新營區,6700100-003,三仙里
6700100,新營區,6700100-004,好平里
6700100,新營區,6700100-005,延平里
6700100,新營區,6700100-006,永生里
6700100,新營區,6700100-007,大宏里
6700100,新營區,6700100-008,王公里
6700100,新營區,6700100-009,中營里
6700100,新營區,6700100-010,土庫里
6700100,新營區,6700100-011,興安里
6700100,新營區,6700100-012,南興里
6700100,新營區,6700100-013,興業里
6700100,新營區,6700100-014,民生里
6700100,新營區,6700100-015,民榮里
6700100,新營區,6700100-016,埤寮里
6700100,新營區,6700100-017,護鎮里
6700100,新營區,6700100-018,太南里
6700100,新營區,6700100-019,太北里
6700100,新營區,6700100-020,南紙里
6700100,新營區,6700100-021,嘉芳里
6700100,新營區,6700100-022,舊廍里
6700100,新營區,6700100-023,角帶里
6700100,新營區,6700100-024,鐵線里
6700100,新營區,6700100-025,五興里
6700100,新營區,6700100-026,姑爺里
6700100,新營區,6700100-027,新北里
6700100,新營區,6700100-028,新南里
6700100,新營區,6700100-029,新東里
6700200,鹽水區,6700200-001,水秀里
6700200,鹽水區,6700200-002,福得里
6700200,鹽水區,6700200-003,三生里
6700200,鹽水區,6700200-004,武廟里
6700200,鹽水區,6700200-005,中境里
6700200,鹽水區,6700200-006,水仙里
6700200,鹽水區,6700200-007,水正里
6700200,鹽水區,6700200-008,橋南里
6700200,鹽水區,6700200-009,舊營里
6700200,鹽水區,6700200-010,汫水里
6700200,鹽水區,6700200-011,岸內里
6700200,鹽水區,6700200-012,義稠里
6700200,鹽水區,6700200-013,下中里
6700200,鹽水區,6700200-014,歡雅里
6700200,鹽水區,6700200-015,大莊里
6700200,鹽水區,6700200-016,桐寮里
6700200,鹽水區,6700200-017,後宅里
6700200,鹽水區,6700200-018,孫厝里
6700200,鹽水區,6700200-019,竹埔里
6700200,鹽水區,6700200-020,下林里
6700200,鹽水區,6700200-021,田寮里
6700200,鹽水區,6700200-022,大豐里
6700200,鹽水區,6700200-023,飯店里
6700200,鹽水區,6700200-024,河南里
6700200,鹽水區,6700200-025,南港里
6700300,白河區,6700300-001,白河里
6700300,白河區,6700300-002,永安里
6700300,白河區,6700300-003,外角里
6700300,白河區,6700300-004,庄內里
6700300,白河區,6700300-005,秀祐里
6700300,白河區,6700300-006,河東里
6700300,白河區,6700300-007,虎山里
6700300,白河區,6700300-008,大林里
6700300,白河區,6700300-009,崁頭里
6700300,白河區,6700300-010,六溪里
6700300,白河區,6700300-011,仙草里
6700300,白河區,6700300-012,關嶺里
6700300,白河區,6700300-013,玉豐里
6700300,白河區,6700300-014,大竹里
6700300,白河區,6700300-015,詔安里
6700300,白河區,6700300-016,廣安里
6700300,白河區,6700300-017,蓮潭里
6700300,白河區,6700300-018,竹門里
6700300,白河區,6700300-019,崎內里
6700300,白河區,6700300-020,昇安里
6700300,白河區,6700300-021,汴頭里
6700300,白河區,6700300-022,內角里
6700300,白河區,6700300-023,草店里
6700300,白河區,6700300-024,甘宅里
6700400,柳營區,6700400-001,士林里
6700400,柳營區,6700400-002,光福里
6700400,柳營區,6700400-003,中埕里
6700400,柳營區,6700400-004,東昇里
6700400,柳營區,6700400-005,八翁里
6700400,柳營區,6700400-006,人和里
6700400,柳營區,6700400-007,太康里
6700400,柳營區,6700400-008,重溪里
6700400,柳營區,6700400-009,篤農里
6700400,柳營區,6700400-010,大農里
6700400,柳營區,6700400-011,神農里
6700400,柳營區,6700400-012,果毅里
6700400,柳營區,6700400-013,旭山里
6700500,後壁區,6700500-001,後壁里
6700500,後壁區,6700500-002,侯伯里
6700500,後壁區,6700500-003,嘉苳里
6700500,後壁區,6700500-004,土溝里
6700500,後壁區,6700500-005,嘉田里
6700500,後壁區,6700500-006,嘉民里
6700500,後壁區,6700500-007,菁豊里
6700500,後壁區,6700500-008,崁頂里
6700500,後壁區,6700500-009,仕安里
6700500,後壁區,6700500-010,竹新里
6700500,後壁區,6700500-011,新東里
6700500,後壁區,6700500-012,頂安里
6700500,後壁區,6700500-013,長安里
6700500,後壁區,6700500-014,福安里
6700500,後壁區,6700500-015,烏樹里
6700500,後壁區,6700500-016,後廍里
6700500,後壁區,6700500-017,墨林里
6700500,後壁區,6700500-018,菁寮里
6700500,後壁區,6700500-019,新嘉里
6700500,後壁區,6700500-020,頂長里
6700500,後壁區,6700500-021,平安里
6700600,東山區,6700600-001,東山里
6700600,東山區,6700600-002,東中里
6700600,東山區,6700600-003,東正里
6700600,東山區,6700600-004,三榮里
6700600,東山區,6700600-005,大客里
6700600,東山區,6700600-006,科里里
6700600,東山區,6700600-007,東河里
6700600,東山區,6700600-008,南溪里
6700600,東山區,6700600-009,水雲里
6700600,東山區,6700600-010,林安里
6700600,東山區,6700600-011,東原里
6700600,東山區,6700600-012,嶺南里
6700600,東山區,6700600-013,南勢里
6700600,東山區,6700600-014,青山里
6700600,東山區,6700600-015,高原里
6700600,東山區,6700600-016,聖賢里
6700700,麻豆區,6700700-001,穀興里
6700700,麻豆區,6700700-002,保安里
6700700,麻豆區,6700700-003,東角里
6700700,麻豆區,6700700-004,晋江里
6700700,麻豆區,6700700-005,巷口里
6700700,麻豆區,6700700-006,中興里
6700700,麻豆區,6700700-007,興農里
6700700,麻豆區,6700700-008,新建里
6700700,麻豆區,6700700-009,油車里
6700700,麻豆區,6700700-010,北勢里
6700700,麻豆區,6700700-011,大埕里
6700700,麻豆區,6700700-012,總榮里
6700700,麻豆區,6700700-013,龍泉里
6700700,麻豆區,6700700-014,南勢里
6700700,麻豆區,6700700-015,寮廍里
6700700,麻豆區,6700700-016,小埤里
6700700,麻豆區,6700700-017,埤頭里
6700700,麻豆區,6700700-018,大山里
6700700,麻豆區,6700700-019,海埔里
6700700,麻豆區,6700700-020,莊禮里
6700700,麻豆區,6700700-021,港尾里
6700700,麻豆區,6700700-022,麻口里
6700700,麻豆區,6700700-023,安東里
6700700,麻豆區,6700700-024,安業里
6700700,麻豆區,6700700-025,安西里
6700700,麻豆區,6700700-026,謝安里
6700700,麻豆區,6700700-027,中民里
6700700,麻豆區,6700700-028,安正里
6700700,麻豆區,6700700-029,磚井里
6700800,下營區,6700800-001,下營里
6700800,下營區,6700800-002,仁里里
6700800,下營區,6700800-003,宅內里
6700800,下營區,6700800-004,後街里
6700800,下營區,6700800-005,新興里
6700800,下營區,6700800-006,營前里
6700800,下營區,6700800-007,大屯里
6700800,下營區,6700800-008,大埤里
6700800,下營區,6700800-009,茅港里
6700800,下營區,6700800-010,中營里
6700800,下營區,6700800-011,開化里
6700800,下營區,6700800-012,西連里
6700800,下營區,6700800-013,賀建里
6700800,下營區,6700800-014,甲中里
6700800,下營區,6700800-015,紅厝里
6700900,六甲區,6700900-001,六甲里
6700900,六甲區,6700900-002,甲東里
6700900,六甲區,6700900-003,甲南里
6700900,六甲區,6700900-004,龍湖里
6700900,六甲區,6700900-005,七甲里
6700900,六甲區,6700900-006,二甲里
6700900,六甲區,6700900-007,水林里
6700900,六甲區,6700900-008,中社里
6700900,六甲區,6700900-009,龜港里
6700900,六甲區,6700900-010,菁埔里
6700900,六甲區,6700900-011,王爺里
6700900,六甲區,6700900-012,大丘里
6701000,官田區,6701000-001,官田里
6701000,官田區,6701000-002,二鎮里
6701000,官田區,6701000-003,湖山里
6701000,官田區,6701000-004,嘉南里
6701000,官田區,6701000-005,大崎里
6701000,官田區,6701000-006,隆田里
6701000,官田區,6701000-007,隆本里
6701000,官田區,6701000-008,南廍里
6701000,官田區,6701000-009,東庄里
6701000,官田區,6701000-010,西庄里
6701000,官田區,6701000-011,拔林里
6701000,官田區,6701000-012,渡頭里
6701000,官田區,6701000-013,社子里
6701100,大內區,6701100-001,石湖里
6701100,大內區,6701100-002,石林里
6701100,大內區,6701100-003,石城里
6701100,大內區,6701100-004,內江里
6701100,大內區,6701100-005,大內里
6701100,大內區,6701100-006,內郭里
6701100,大內區,6701100-007,頭社里
6701100,大內區,6701100-008,環湖里
6701100,大內區,6701100-009,二溪里
6701100,大內區,6701100-010,曲溪里
6701200,佳里區,6701200-001,東寧里
6701200,佳里區,6701200-002,忠仁里
6701200,佳里區,6701200-003,鎮山里
6701200,佳里區,6701200-004,建南里
6701200,佳里區,6701200-005,安西里
6701200,佳里區,6701200-006,六安里
6701200,佳里區,6701200-007,佳化里
6701200,佳里區,6701200-008,禮化里
6701200,佳里區,6701200-009,興化里
6701200,佳里區,6701200-010,營頂里
6701200,佳里區,6701200-011,溪州里
6701200,佳里區,6701200-012,海澄里
6701200,佳里區,6701200-013,漳洲里
6701200,佳里區,6701200-014,頂廍里
6701200,佳里區,6701200-015,嘉福里
6701200,佳里區,6701200-016,通興里
6701200,佳里區,6701200-017,蚶寮里
6701200,佳里區,6701200-018,龍安里
6701200,佳里區,6701200-019,民安里
6701200,佳里區,6701200-020,子龍里
6701200,佳里區,6701200-021,三協里
6701300,學甲區,6701300-001,仁得里
6701300,學甲區,6701300-002,新榮里
6701300,學甲區,6701300-003,光華里
6701300,學甲區,6701300-004,宅港里
6701300,學甲區,6701300-005,慈福里
6701300,學甲區,6701300-006,秀昌里
6701300,學甲區,6701300-007,明宜里
6701300,學甲區,6701300-008,豐和里
6701300,學甲區,6701300-009,平和里
6701300,學甲區,6701300-010,新達里
6701300,學甲區,6701300-011,大灣里
6701300,學甲區,6701300-012,三慶里
6701300,學甲區,6701300-013,中洲里
6701400,西港區,6701400-001,西港里
6701400,西港區,6701400-002,南海里
6701400,西港區,6701400-003,港東里
6701400,西港區,6701400-004,檨林里
6701400,西港區,6701400-005,後營里
6701400,西港區,6701400-006,營西里
6701400,西港區,6701400-007,金砂里
6701400,西港區,6701400-008,劉厝里
6701400,西港區,6701400-009,竹林里
6701400,西港區,6701400-010,永樂里
6701400,西港區,6701400-011,新復里
6701400,西港區,6701400-012,慶安里
6701500,七股區,6701500-001,後港里
6701500,七股區,6701500-002,大潭里
6701500,七股區,6701500-003,城內里
6701500,七股區,6701500-004,篤加里
6701500,七股區,6701500-005,頂山里
6701500,七股區,6701500-006,西寮里
6701500,七股區,6701500-007,塩埕里
6701500,七股區,6701500-008,龍山里
6701500,七股區,6701500-009,溪南里
6701500,七股區,6701500-010,七股里
6701500,七股區,6701500-011,玉成里
6701500,七股區,6701500-012,大埕里
6701500,七股區,6701500-013,大寮里
6701500,七股區,6701500-014,看坪里
6701500,七股區,6701500-015,樹林里
6701500,七股區,6701500-016,竹港里
6701500,七股區,6701500-017,中寮里
6701500,七股區,6701500-018,竹橋里
6701500,七股區,6701500-019,義合里
6701500,七股區,6701500-020,槺榔里
6701500,七股區,6701500-021,永吉里
6701500,七股區,6701500-022,三股里
6701500,七股區,6701500-023,十份里
6701600,將軍區,6701600-001,長榮里
6701600,將軍區,6701600-002,西華里
6701600,將軍區,6701600-003,西和里
6701600,將軍區,6701600-004,忠興里
6701600,將軍區,6701600-005,嘉昌里
6701600,將軍區,6701600-006,保源里
6701600,將軍區,6701600-007,苓和里
6701600,將軍區,6701600-008,仁和里
6701600,將軍區,6701600-009,北埔里
6701600,將軍區,6701600-010,將富里
6701600,將軍區,6701600-011,將貴里
6701600,將軍區,6701600-012,三吉里
6701600,將軍區,6701600-013,玉山里
6701600,將軍區,6701600-014,廣山里
6701600,將軍區,6701600-015,長沙里
6701600,將軍區,6701600-016,平沙里
6701600,將軍區,6701600-017,鯤鯓里
6701600,將軍區,6701600-018,鯤溟里
6701700,北門區,6701700-001,保吉里
6701700,北門區,6701700-002,雙春里
6701700,北門區,6701700-003,東壁里
6701700,北門區,6701700-004,鯤江里
6701700,北門區,6701700-005,北門里
6701700,北門區,6701700-006,錦湖里
6701700,北門區,6701700-007,三光里
6701700,北門區,6701700-008,仁里里
6701700,北門區,6701700-009,玉港里
6701700,北門區,6701700-010,中樞里
6701700,北門區,6701700-011,慈安里
6701700,北門區,6701700-012,永華里
6701700,北門區,6701700-013,永隆里
6701800,新化區,6701800-001,武安里
6701800,新化區,6701800-002,東榮里
6701800,新化區,6701800-003,護國里
6701800,新化區,6701800-004,太平里
6701800,新化區,6701800-005,中央里
6701800,新化區,6701800-006,觀音里
6701800,新化區,6701800-007,竹林里
6701800,新化區,6701800-008,清水里
6701800,新化區,6701800-009,協興里
6701800,新化區,6701800-010,唪口里
6701800,新化區,6701800-011,北勢里
6701800,新化區,6701800-012,豐榮里
6701800,新化區,6701800-013,全興里
6701800,新化區,6701800-014,崙頂里
6701800,新化區,6701800-015,知義里
6701800,新化區,6701800-016,山脚里
6701800,新化區,6701800-017,大坑里
6701800,新化區,6701800-018,拔里
6701800,新化區,6701800-019,羊林里
6701800,新化區,6701800-020,礁坑里
6701900,善化區,6701900-001,東關里
6701900,善化區,6701900-002,坐駕里
6701900,善化區,6701900-003,光文里
6701900,善化區,6701900-004,文昌里
6701900,善化區,6701900-005,南關里
6701900,善化區,6701900-006,西關里
6701900,善化區,6701900-007,北關里
6701900,善化區,6701900-008,文正里
6701900,善化區,6701900-009,胡家里
6701900,善化區,6701900-010,胡厝里
6701900,善化區,6701900-011,什乃里
6701900,善化區,6701900-012,溪美里
6701900,善化區,6701900-013,六分里
6701900,善化區,6701900-014,六德里
6701900,善化區,6701900-015,田寮里
6701900,善化區,6701900-016,東隆里
6701900,善化區,6701900-017,東昌里
6701900,善化區,6701900-018,牛庄里
6701900,善化區,6701900-019,嘉北里
6701900,善化區,6701900-020,嘉南里
6701900,善化區,6701900-021,小新里
6702000,新市區,6702000-001,新市里
6702000,新市區,6702000-002,新和里
6702000,新市區,6702000-003,社內里
6702000,新市區,6702000-004,大洲里
6702000,新市區,6702000-005,豐華里
6702000,新市區,6702000-006,三舍里
6702000,新市區,6702000-007,大營里
6702000,新市區,6702000-008,大社里
6702000,新市區,6702000-009,潭頂里
6702000,新市區,6702000-010,港墘里
6702000,新市區,6702000-011,永就里
6702100,安定區,6702100-001,蘇林里
6702100,安定區,6702100-002,蘇厝里
6702100,安定區,6702100-003,安定里
6702100,安定區,6702100-004,安加里
6702100,安定區,6702100-005,保西里
6702100,安定區,6702100-006,港尾里
6702100,安定區,6702100-007,中榮里
6702100,安定區,6702100-008,港口里
6702100,安定區,6702100-009,港南里
6702100,安定區,6702100-010,大同里
6702100,安定區,6702100-011,六嘉里
6702100,安定區,6702100-012,中沙里
6702100,安定區,6702100-013,新吉里
6702100,安定區,6702100-014,海寮里
6702100,安定區,6702100-015,管寮里
6702100,安定區,6702100-016,南安里
6702200,山上區,6702200-001,明和里
6702200,山上區,6702200-002,南洲里
6702200,山上區,6702200-003,山上里
6702200,山上區,6702200-004,新莊里
6702200,山上區,6702200-005,玉峯里
6702200,山上區,6702200-006,平陽里
6702200,山上區,6702200-007,豐德里
6702300,玉井區,6702300-001,玉井里
6702300,玉井區,6702300-002,玉田里
6702300,玉井區,6702300-003,中正里
6702300,玉井區,6702300-004,竹圍里
6702300,玉井區,6702300-005,沙田里
6702300,玉井區,6702300-006,三埔里
6702300,玉井區,6702300-007,三和里
6702300,玉井區,6702300-008,望明里
6702300,玉井區,6702300-009,層林里
6702300,玉井區,6702300-010,豐里里
6702400,楠西區,6702400-001,楠西里
6702400,楠西區,6702400-002,灣丘里
6702400,楠西區,6702400-003,密枝里
6702400,楠西區,6702400-004,照興里
6702400,楠西區,6702400-005,鹿田里
6702400,楠西區,6702400-006,龜丹里
6702400,楠西區,6702400-007,東勢里
6702500,南化區,6702500-001,南化里
6702500,南化區,6702500-002,小崙里
6702500,南化區,6702500-003,中坑里
6702500,南化區,6702500-004,北平里
6702500,南化區,6702500-005,東和里
6702500,南化區,6702500-006,西埔里
6702500,南化區,6702500-007,北寮里
6702500,南化區,6702500-008,玉山里
6702500,南化區,6702500-009,關山里
6702600,左鎮區,6702600-001,光和里
6702600,左鎮區,6702600-002,榮和里
6702600,左鎮區,6702600-003,左鎮里
6702600,左鎮區,6702600-004,中正里
6702600,左鎮區,6702600-005,睦光里
6702600,左鎮區,6702600-006,內庄里
6702600,左鎮區,6702600-007,澄山里
6702600,左鎮區,6702600-008,岡林里
6702600,左鎮區,6702600-009,草山里
6702600,左鎮區,6702600-010,二寮里
6702700,仁德區,6702700-001,太子里
6702700,仁德區,6702700-002,土庫里
6702700,仁德區,6702700-003,一甲里
6702700,仁德區,6702700-004,仁德里
6702700,仁德區,6702700-005,仁義里
6702700,仁德區,6702700-006,新田里
6702700,仁德區,6702700-007,後壁里
6702700,仁德區,6702700-008,上崙里
6702700,仁德區,6702700-009,田厝里
6702700,仁德區,6702700-010,三甲里
6702700,仁德區,6702700-011,保安里
6702700,仁德區,6702700-012,成功里
6702700,仁德區,6702700-013,仁和里
6702700,仁德區,6702700-014,仁愛里
6702700,仁德區,6702700-015,二行里
6702700,仁德區,6702700-016,大甲里
6702700,仁德區,6702700-017,中洲里
6702700,仁德區,6702700-018,中生里
6702800,歸仁區,6702800-001,南保里
6702800,歸仁區,6702800-002,六甲里
6702800,歸仁區,6702800-003,歸仁里
6702800,歸仁區,6702800-004,後市里
6702800,歸仁區,6702800-005,辜厝里
6702800,歸仁區,6702800-006,許厝里
6702800,歸仁區,6702800-007,看西里
6702800,歸仁區,6702800-008,看東里
6702800,歸仁區,6702800-009,崙頂里
6702800,歸仁區,6702800-010,沙崙里
6702800,歸仁區,6702800-011,大潭里
6702800,歸仁區,6702800-012,武東里
6702800,歸仁區,6702800-013,八甲里
6702800,歸仁區,6702800-014,七甲里
6702800,歸仁區,6702800-015,媽廟里
6702800,歸仁區,6702800-016,西埔里
6702800,歸仁區,6702800-017,大廟里
6702800,歸仁區,6702800-018,南興里
6702800,歸仁區,6702800-019,新厝里
6702800,歸仁區,6702800-020,歸南里
6702800,歸仁區,6702800-021,文化里
6702900,關廟區,6702900-001,關廟里
6702900,關廟區,6702900-002,山西里
6702900,關廟區,6702900-003,香洋里
6702900,關廟區,6702900-004,北勢里
6702900,關廟區,6702900-005,新埔里
6702900,關廟區,6702900-006,新光里
6702900,關廟區,6702900-007,五甲里
6702900,關廟區,6702900-008,東勢里
6702900,關廟區,6702900-009,松腳里
6702900,關廟區,6702900-010,南花里
6702900,關廟區,6702900-011,北花里
6702900,關廟區,6702900-012,深坑里
6702900,關廟區,6702900-013,布袋里
6702900,關廟區,6702900-014,田中里
6702900,關廟區,6702900-015,龜洞里
6702900,關廟區,6702900-016,埤頭里
6702900,關廟區,6702900-017,下湖里
6703000,龍崎區,6703000-001,崎頂里
6703000,龍崎區,6703000-002,土崎里
6703000,龍崎區,6703000-003,中坑里
6703000,龍崎區,6703000-004,楠坑里
6703000,龍崎區,6703000-005,牛埔里
6703000,龍崎區,6703000-006,大坪里
6703000,龍崎區,6703000-007,龍船里
6703000,龍崎區,6703000-008,石𥕢𥕢里
6703100,永康區,6703100-001,五王里
6703100,永康區,6703100-002,網寮里
6703100,永康區,6703100-003,永康里
6703100,永康區,6703100-004,埔園里
6703100,永康區,6703100-005,大橋里
6703100,永康區,6703100-006,王行里
6703100,永康區,6703100-007,烏竹里
6703100,永康區,6703100-008,蔦松里
6703100,永康區,6703100-009,三民里
6703100,永康區,6703100-010,塩行里
6703100,永康區,6703100-011,甲頂里
6703100,永康區,6703100-012,大灣里
6703100,永康區,6703100-013,東灣里
6703100,永康區,6703100-014,西灣里
6703100,永康區,6703100-015,南灣里
6703100,永康區,6703100-016,崑山里
6703100,永康區,6703100-017,北灣里
6703100,永康區,6703100-018,新樹里
6703100,永康區,6703100-019,復興里
6703100,永康區,6703100-020,復國里
6703100,永康區,6703100-021,建國里
6703100,永康區,6703100-022,神洲里
6703100,永康區,6703100-023,西勢里
6703100,永康區,6703100-024,成功里
6703100,永康區,6703100-025,中興里
6703100,永康區,6703100-026,勝利里
6703100,永康區,6703100-027,龍潭里
6703100,永康區,6703100-028,光復里
6703100,永康區,6703100-029,塩洲里
6703100,永康區,6703100-030,二王里
6703100,永康區,6703100-031,六合里
6703100,永康區,6703100-032,三合里
6703100,永康區,6703100-033,東橋里
6703100,永康區,6703100-034,安康里
6703100,永康區,6703100-035,西橋里
6703100,永康區,6703100-036,尚頂里
6703100,永康區,6703100-037,復華里
6703100,永康區,6703100-038,正強里
6703100,永康區,6703100-039,中華里
6703200,東區,6703200-001,富裕里
6703200,東區,6703200-002,裕農里
6703200,東區,6703200-003,大智里
6703200,東區,6703200-004,崇學里
6703200,東區,6703200-005,泉南里
6703200,東區,6703200-006,仁和里
6703200,東區,6703200-007,後甲里
6703200,東區,6703200-008,東光里
6703200,東區,6703200-009,新東里
6703200,東區,6703200-010,中西里
6703200,東區,6703200-011,東安里
6703200,東區,6703200-012,崇明里
6703200,東區,6703200-013,自強里
6703200,東區,6703200-014,和平里
6703200,東區,6703200-015,路東里
6703200,東區,6703200-016,大德里
6703200,東區,6703200-017,關聖里
6703200,東區,6703200-018,衛國里
6703200,東區,6703200-019,崇善里
6703200,東區,6703200-020,富強里
6703200,東區,6703200-021,圍下里
6703200,東區,6703200-022,小東里
6703200,東區,6703200-023,大學里
6703200,東區,6703200-024,龍山里
6703200,東區,6703200-025,虎尾里
6703200,東區,6703200-026,德高里
6703200,東區,6703200-027,莊敬里
6703200,東區,6703200-028,大福里
6703200,東區,6703200-029,忠孝里
6703200,東區,6703200-030,崇誨里
6703200,東區,6703200-031,東明里
6703200,東區,6703200-032,崇德里
6703200,東區,6703200-033,東智里
6703200,東區,6703200-034,東聖里
6703200,東區,6703200-035,崇成里
6703200,東區,6703200-036,東門里
6703200,東區,6703200-037,成大里
6703200,東區,6703200-038,大同里
6703200,東區,6703200-039,德光里
6703200,東區,6703200-040,崇信里
6703200,東區,6703200-041,崇文里
6703200,東區,6703200-042,復興里
6703200,東區,6703200-043,裕聖里
6703200,東區,6703200-044,南聖里
6703200,東區,6703200-045,文聖里
6703300,南區,6703300-001,竹溪里
6703300,南區,6703300-002,荔宅里
6703300,南區,6703300-003,明德里
6703300,南區,6703300-004,大成里
6703300,南區,6703300-005,廣州里
6703300,南區,6703300-006,新昌里
6703300,南區,6703300-007,新興里
6703300,南區,6703300-008,田寮里
6703300,南區,6703300-009,國宅里
6703300,南區,6703300-010,日新里
6703300,南區,6703300-011,光明里
6703300,南區,6703300-012,白雪里
6703300,南區,6703300-013,明亮里
6703300,南區,6703300-014,喜東里
6703300,南區,6703300-015,喜北里
6703300,南區,6703300-016,喜南里
6703300,南區,6703300-017,省躬里
6703300,南區,6703300-018,興農里
6703300,南區,6703300-019,同安里
6703300,南區,6703300-020,佛壇里
6703300,南區,6703300-021,大林里
6703300,南區,6703300-022,大忠里
6703300,南區,6703300-023,大恩里
6703300,南區,6703300-024,新生里
6703300,南區,6703300-025,再興里
6703300,南區,6703300-026,明興里
6703300,南區,6703300-027,文華里
6703300,南區,6703300-028,金華里
6703300,南區,6703300-029,南都里
6703300,南區,6703300-030,開南里
6703300,南區,6703300-031,彰南里
6703300,南區,6703300-032,建南里
6703300,南區,6703300-033,郡南里
6703300,南區,6703300-034,府南里
6703300,南區,6703300-035,文南里
6703300,南區,6703300-036,鯤鯓里
6703300,南區,6703300-037,松安里
6703300,南區,6703300-038,永寧里
6703300,南區,6703300-039,南華里
6703400,北區,6703400-001,開元里
6703400,北區,6703400-002,新勝里
6703400,北區,6703400-003,勝安里
6703400,北區,6703400-004,東興里
6703400,北區,6703400-005,力行里
6703400,北區,6703400-006,華興里
6703400,北區,6703400-007,振興里
6703400,北區,6703400-008,仁愛里
6703400,北區,6703400-009,大仁里
6703400,北區,6703400-010,大山里
6703400,北區,6703400-011,大道里
6703400,北區,6703400-012,光武里
6703400,北區,6703400-013,實踐里
6703400,北區,6703400-014,小康里
6703400,北區,6703400-015,正風里
6703400,北區,6703400-016,延平里
6703400,北區,6703400-017,興北里
6703400,北區,6703400-018,大豐里
6703400,北區,6703400-019,重興里
6703400,北區,6703400-020,和順里
6703400,北區,6703400-021,國姓里
6703400,北區,6703400-022,六甲里
6703400,北區,6703400-023,正覺里
6703400,北區,6703400-024,成功里
6703400,北區,6703400-025,文元里
6703400,北區,6703400-026,大港里
6703400,北區,6703400-027,國興里
6703400,北區,6703400-028,裕民里
6703400,北區,6703400-029,安民里
6703400,北區,6703400-030,興南里
6703400,北區,6703400-031,長榮里
6703400,北區,6703400-032,中樓里
6703400,北區,6703400-033,公園里
6703400,北區,6703400-034,玉皇里
6703400,北區,6703400-035,長德里
6703400,北區,6703400-036,三德里
6703400,北區,6703400-037,五福里
6703400,北區,6703400-038,元寶里
6703400,北區,6703400-039,永祥里
6703400,北區,6703400-040,成德里
6703400,北區,6703400-041,文成里
6703400,北區,6703400-042,大和里
6703400,北區,6703400-043,賢北里
6703500,安南區,6703500-001,東和里
6703500,安南區,6703500-002,安順里
6703500,安南區,6703500-003,南里
6703500,安南區,6703500-004,州南里
6703500,安南區,6703500-005,州北里
6703500,安南區,6703500-006,安東里
6703500,安南區,6703500-007,安西里
6703500,安南區,6703500-008,頂安里
6703500,安南區,6703500-009,安慶里
6703500,安南區,6703500-010,新順里
6703500,安南區,6703500-011,原佃里
6703500,安南區,6703500-012,總頭里
6703500,安南區,6703500-013,長安里
6703500,安南區,6703500-014,公親里
6703500,安南區,6703500-015,海東里
6703500,安南區,6703500-016,海西里
6703500,安南區,6703500-017,海南里
6703500,安南區,6703500-018,溪心里
6703500,安南區,6703500-019,塩田里
6703500,安南區,6703500-020,淵東里
6703500,安南區,6703500-021,淵西里
6703500,安南區,6703500-022,佃東里
6703500,安南區,6703500-023,佃西里
6703500,安南區,6703500-024,公里
6703500,安南區,6703500-025,南興里
6703500,安南區,6703500-026,學東里
6703500,安南區,6703500-027,城東里
6703500,安南區,6703500-028,城北里
6703500,安南區,6703500-029,城中里
6703500,安南區,6703500-030,城南里
6703500,安南區,6703500-031,城西里
6703500,安南區,6703500-032,青草里
6703500,安南區,6703500-033,砂崙里
6703500,安南區,6703500-034,顯宮里
6703500,安南區,6703500-035,鹿耳里
6703500,安南區,6703500-036,四草里
6703500,安南區,6703500-037,安和里
6703500,安南區,6703500-038,溪北里
6703500,安南區,6703500-039,溪頂里
6703500,安南區,6703500-040,溪墘里
6703500,安南區,6703500-041,海佃里
6703500,安南區,6703500-042,幸福里
6703500,安南區,6703500-043,鳳凰里
6703500,安南區,6703500-044,梅花里
6703500,安南區,6703500-045,理想里
6703500,安南區,6703500-046,溪東里
6703500,安南區,6703500-047,淵中里
6703500,安南區,6703500-048,布袋里
6703500,安南區,6703500-049,國安里
6703500,安南區,6703500-050,安富里
6703500,安南區,6703500-051,大安里
6703600,安平區,6703600-001,西門里
6703600,安平區,6703600-002,金城里
6703600,安平區,6703600-003,石門里
6703600,安平區,6703600-004,漁光里
6703600,安平區,6703600-005,建平里
6703600,安平區,6703600-006,怡平里
6703600,安平區,6703600-007,華平里
6703600,安平區,6703600-008,平通里
6703600,安平區,6703600-009,文平里
6703600,安平區,6703600-010,國平里
6703600,安平區,6703600-011,育平里
6703600,安平區,6703600-012,億載里
6703600,安平區,6703600-013,海頭里
6703600,安平區,6703600-014,港仔里
6703600,安平區,6703600-015,平安里
6703700,中西區,6703700-001,公正里
6703700,中西區,6703700-002,銀同里
6703700,中西區,6703700-003,小西里
6703700,中西區,6703700-004,仙草里
6703700,中西區,6703700-005,赤嵌里
6703700,中西區,6703700-006,五妃里
6703700,中西區,6703700-007,郡王里
6703700,中西區,6703700-008,福安里
6703700,中西區,6703700-009,法華里
6703700,中西區,6703700-010,大南里
6703700,中西區,6703700-011,開山里
6703700,中西區,6703700-012,進學里
6703700,中西區,6703700-013,建國里
6703700,中西區,6703700-014,青年里
6703700,中西區,6703700-015,永福里
6703700,中西區,6703700-016,永華里
6703700,中西區,6703700-017,天后里
6703700,中西區,6703700-018,三民里
6703700,中西區,6703700-019,萬昌里
6703700,中西區,6703700-020,普濟里
6703700,中西區,6703700-021,水仙里
6703700,中西區,6703700-022,藥王里
6703700,中西區,6703700-023,協和里
6703700,中西區,6703700-024,文賢里
6703700,中西區,6703700-025,光賢里
6703700,中西區,6703700-026,元安里
6703700,中西區,6703700-027,協進里
6703700,中西區,6703700-028,安海里
6703700,中西區,6703700-029,民生里
6703700,中西區,6703700-030,中正里
6703700,中西區,6703700-031,大涼里
6703700,中西區,6703700-032,民主里
6703700,中西區,6703700-033,西湖里
6703700,中西區,6703700-034,西賢里
6703700,中西區,6703700-035,三合里
6703700,中西區,6703700-036,民權里
6703700,中西區,6703700-037,保安里
6703700,中西區,6703700-038,郡西里
