week_start,VillageID,pred_cases
2024-01-01,6700100-001,0
2024-01-08,6700100-001,1
2024-01-01,6700100-002,0
2024-01-08,6700100-002,1
2024-01-01,6700100-003,0
2024-01-08,6700100-003,1
2024-01-01,6700100-004,0
2024-01-08,6700100-004,1
2024-01-01,6700100-005,0
2024-01-08,6700100-005,1
2024-01-01,6700100-006,0
2024-01-08,6700100-006,1
2024-01-01,6700100-007,0
2024-01-08,6700100-007,1
2024-01-01,6700100-008,0
2024-01-08,6700100-008,1
2024-01-01,6700100-009,0
2024-01-08,6700100-009,1
2024-01-01,6700100-010,0
2024-01-08,6700100-010,1
2024-01-01,6700100-011,0
2024-01-08,6700100-011,1
2024-01-01,6700100-012,0
2024-01-08,6700100-012,1
2024-01-01,6700100-013,0
2024-01-08,6700100-013,1
2024-01-01,6700100-014,0
2024-01-08,6700100-014,1
2024-01-01,6700100-015,0
2024-01-08,6700100-015,1
2024-01-01,6700100-016,0
2024-01-08,6700100-016,1
2024-01-01,6700100-017,0
2024-01-08,6700100-017,1
2024-01-01,6700100-018,0
2024-01-08,6700100-018,1
2024-01-01,6700100-019,0
2024-01-08,6700100-019,1
2024-01-01,6700100-020,0
2024-01-08,6700100-020,1
2024-01-01,6700100-021,0
2024-01-08,6700100-021,1
2024-01-01,6700100-022,0
2024-01-08,6700100-022,1
2024-01-01,6700100-023,0
2024-01-08,6700100-023,1
2024-01-01,6700100-024,0
2024-01-08,6700100-024,1
2024-01-01,6700100-025,0
2024-01-08,6700100-025,1
2024-01-01,6700100-026,0
2024-01-08,6700100-026,1
2024-01-01,6700100-027,0
2024-01-08,6700100-027,1
2024-01-01,6700100-028,0
2024-01-08,6700100-028,1
2024-01-01,6700100-029,0
2024-01-08,6700100-029,1
2024-01-01,6700200-001,17
2024-01-08,6700200-001,1
2024-01-01,6700200-002,17
2024-01-08,6700200-002,1
2024-01-01,6700200-003,17
2024-01-08,6700200-003,1
2024-01-01,6700200-004,17
2024-01-08,6700200-004,1
2024-01-01,6700200-005,17
2024-01-08,6700200-005,1
2024-01-01,6700200-006,17
2024-01-08,6700200-006,1
2024-01-01,6700200-007,17
2024-01-08,6700200-007,1
2024-01-01,6700200-008,17
2024-01-08,6700200-008,1
2024-01-01,6700200-009,17
2024-01-08,6700200-009,1
2024-01-01,6700200-010,17
2024-01-08,6700200-010,1
2024-01-01,6700200-011,17
2024-01-08,6700200-011,1
2024-01-01,6700200-012,17
2024-01-08,6700200-012,1
2024-01-01,6700200-013,17
2024-01-08,6700200-013,1
2024-01-01,6700200-014,17
2024-01-08,6700200-014,1
2024-01-01,6700200-015,17
2024-01-08,6700200-015,1
2024-01-01,6700200-016,17
2024-01-08,6700200-016,1
2024-01-01,6700200-017,17
2024-01-08,6700200-017,1
2024-01-01,6700200-018,17
2024-01-08,6700200-018,1
2024-01-01,6700200-019,17
2024-01-08,6700200-019,1
2024-01-01,6700200-020,17
2024-01-08,6700200-020,1
2024-01-01,6700200-021,17
2024-01-08,6700200-021,1
2024-01-01,6700200-022,17
2024-01-08,6700200-022,1
2024-01-01,6700200-023,17
2024-01-08,6700200-023,1
2024-01-01,6700200-024,17
2024-01-08,6700200-024,1
2024-01-01,6700200-025,17
2024-01-08,6700200-025,1
2024-01-01,6700300-001,40
2024-01-08,6700300-001,1
2024-01-01,6700300-002,40
2024-01-08,6700300-002,1
2024-01-01,6700300-003,40
2024-01-08,6700300-003,1
2024-01-01,6700300-004,40
2024-01-08,6700300-004,1
2024-01-01,6700300-005,40
2024-01-08,6700300-005,1
2024-01-01,6700300-006,40
2024-01-08,6700300-006,1
2024-01-01,6700300-007,40
2024-01-08,6700300-007,1
2024-01-01,6700300-008,40
2024-01-08,6700300-008,1
2024-01-01,6700300-009,40
2024-01-08,6700300-009,1
2024-01-01,6700300-010,40
2024-01-08,6700300-010,1
2024-01-01,6700300-011,40
2024-01-08,6700300-011,1
2024-01-01,6700300-012,40
2024-01-08,6700300-012,1
2024-01-01,6700300-013,40
2024-01-08,6700300-013,1
2024-01-01,6700300-014,40
2024-01-08,6700300-014,1
2024-01-01,6700300-015,40
2024-01-08,6700300-015,1
2024-01-01,6700300-016,40
2024-01-08,6700300-016,1
2024-01-01,6700300-017,40
2024-01-08,6700300-017,1
2024-01-01,6700300-018,40
2024-01-08,6700300-018,1
2024-01-01,6700300-019,40
2024-01-08,6700300-019,1
2024-01-01,6700300-020,40
2024-01-08,6700300-020,1
2024-01-01,6700300-021,40
2024-01-08,6700300-021,1
2024-01-01,6700300-022,40
2024-01-08,6700300-022,1
2024-01-01,6700300-023,40
2024-01-08,6700300-023,1
2024-01-01,6700300-024,40
2024-01-08,6700300-024,1
2024-01-01,6700400-001,40
2024-01-08,6700400-001,1
2024-01-01,6700400-002,40
2024-01-08,6700400-002,1
2024-01-01,6700400-003,40
2024-01-08,6700400-003,1
2024-01-01,6700400-004,40
2024-01-08,6700400-004,1
2024-01-01,6700400-005,40
2024-01-08,6700400-005,1
2024-01-01,6700400-006,40
2024-01-08,6700400-006,1
2024-01-01,6700400-007,40
2024-01-08,6700400-007,1
2024-01-01,6700400-008,40
2024-01-08,6700400-008,1
2024-01-01,6700400-009,40
2024-01-08,6700400-009,1
2024-01-01,6700400-010,40
2024-01-08,6700400-010,1
2024-01-01,6700400-011,40
2024-01-08,6700400-011,1
2024-01-01,6700400-012,40
2024-01-08,6700400-012,1
2024-01-01,6700400-013,40
2024-01-08,6700400-013,1
2024-01-01,6700500-001,40
2024-01-08,6700500-001,1
2024-01-01,6700500-002,40
2024-01-08,6700500-002,1
2024-01-01,6700500-003,40
2024-01-08,6700500-003,1
2024-01-01,6700500-004,40
2024-01-08,6700500-004,1
2024-01-01,6700500-005,40
2024-01-08,6700500-005,1
2024-01-01,6700500-006,40
2024-01-08,6700500-006,1
2024-01-01,6700500-007,40
2024-01-08,6700500-007,1
2024-01-01,6700500-008,40
2024-01-08,6700500-008,1
2024-01-01,6700500-009,40
2024-01-08,6700500-009,1
2024-01-01,6700500-010,40
2024-01-08,6700500-010,1
2024-01-01,6700500-011,40
2024-01-08,6700500-011,1
2024-01-01,6700500-012,40
2024-01-08,6700500-012,1
2024-01-01,6700500-013,40
2024-01-08,6700500-013,1
2024-01-01,6700500-014,40
2024-01-08,6700500-014,1
2024-01-01,6700500-015,40
2024-01-08,6700500-015,1
2024-01-01,6700500-016,40
2024-01-08,6700500-016,1
2024-01-01,6700500-017,40
2024-01-08,6700500-017,1
2024-01-01,6700500-018,40
2024-01-08,6700500-018,1
2024-01-01,6700500-019,40
2024-01-08,6700500-019,1
2024-01-01,6700500-020,40
2024-01-08,6700500-020,1
2024-01-01,6700500-021,40
2024-01-08,6700500-021,1
2024-01-01,6700600-001,40
2024-01-08,6700600-001,1
2024-01-01,6700600-002,40
2024-01-08,6700600-002,1
2024-01-01,6700600-003,40
2024-01-08,6700600-003,1
2024-01-01,6700600-004,40
2024-01-08,6700600-004,1
2024-01-01,6700600-005,40
2024-01-08,6700600-005,1
2024-01-01,6700600-006,40
2024-01-08,6700600-006,1
2024-01-01,6700600-007,40
2024-01-08,6700600-007,1
2024-01-01,6700600-008,40
2024-01-08,6700600-008,1
2024-01-01,6700600-009,40
2024-01-08,6700600-009,1
2024-01-01,6700600-010,40
2024-01-08,6700600-010,1
2024-01-01,6700600-011,40
2024-01-08,6700600-011,1
2024-01-01,6700600-012,40
2024-01-08,6700600-012,1
2024-01-01,6700600-013,40
2024-01-08,6700600-013,1
2024-01-01,6700600-014,40
2024-01-08,6700600-014,1
2024-01-01,6700600-015,40
2024-01-08,6700600-015,1
2024-01-01,6700600-016,40
2024-01-08,6700600-016,1
2024-01-01,6700700-001,1
2024-01-08,6700700-001,1
2024-01-01,6700700-002,1
2024-01-08,6700700-002,1
2024-01-01,6700700-003,1
2024-01-08,6700700-003,1
2024-01-01,6700700-004,1
2024-01-08,6700700-004,1
2024-01-01,6700700-005,1
2024-01-08,6700700-005,1
2024-01-01,6700700-006,1
2024-01-08,6700700-006,1
2024-01-01,6700700-007,1
2024-01-08,6700700-007,1
2024-01-01,6700700-008,1
2024-01-08,6700700-008,1
2024-01-01,6700700-009,1
2024-01-08,6700700-009,1
2024-01-01,6700700-010,1
2024-01-08,6700700-010,1
2024-01-01,6700700-011,15
2024-01-08,6700700-011,1
2024-01-01,6700700-012,1
2024-01-08,6700700-012,1
2024-01-01,6700700-013,1
2024-01-08,6700700-013,1
2024-01-01,6700700-014,1
2024-01-08,6700700-014,1
2024-01-01,6700700-015,1
2024-01-08,6700700-015,1
2024-01-01,6700700-016,1
2024-01-08,6700700-016,1
2024-01-01,6700700-017,1
2024-01-08,6700700-017,1
2024-01-01,6700700-018,1
2024-01-08,6700700-018,1
2024-01-01,6700700-019,1
2024-01-08,6700700-019,1
2024-01-01,6700700-020,1
2024-01-08,6700700-020,1
2024-01-01,6700700-021,1
2024-01-08,6700700-021,1
2024-01-01,6700700-022,1
2024-01-08,6700700-022,1
2024-01-01,6700700-023,1
2024-01-08,6700700-023,1
2024-01-01,6700700-024,1
2024-01-08,6700700-024,1
2024-01-01,6700700-025,1
2024-01-08,6700700-025,1
2024-01-01,6700700-026,1
2024-01-08,6700700-026,1
2024-01-01,6700700-027,1
2024-01-08,6700700-027,1
2024-01-01,6700700-028,1
2024-01-08,6700700-028,1
2024-01-01,6700700-029,1
2024-01-08,6700700-029,1
2024-01-01,6700800-001,4
2024-01-08,6700800-001,1
2024-01-01,6700800-002,2
2024-01-08,6700800-002,1
2024-01-01,6700800-003,2
2024-01-08,6700800-003,1
2024-01-01,6700800-004,2
2024-01-08,6700800-004,1
2024-01-01,6700800-005,2
2024-01-08,6700800-005,1
2024-01-01,6700800-006,4
2024-01-08,6700800-006,1
2024-01-01,6700800-007,2
2024-01-08,6700800-007,1
2024-01-01,6700800-008,2
2024-01-08,6700800-008,1
2024-01-01,6700800-009,2
2024-01-08,6700800-009,1
2024-01-01,6700800-010,2
2024-01-08,6700800-010,1
2024-01-01,6700800-011,2
2024-01-08,6700800-011,1
2024-01-01,6700800-012,2
2024-01-08,6700800-012,1
2024-01-01,6700800-013,2
2024-01-08,6700800-013,1
2024-01-01,6700800-014,2
2024-01-08,6700800-014,1
2024-01-01,6700800-015,2
2024-01-08,6700800-015,1
2024-01-01,6700900-001,40
2024-01-08,6700900-001,1
2024-01-01,6700900-002,40
2024-01-08,6700900-002,1
2024-01-01,6700900-003,40
2024-01-08,6700900-003,1
2024-01-01,6700900-004,40
2024-01-08,6700900-004,1
2024-01-01,6700900-005,40
2024-01-08,6700900-005,1
2024-01-01,6700900-006,40
2024-01-08,6700900-006,1
2024-01-01,6700900-007,40
2024-01-08,6700900-007,1
2024-01-01,6700900-008,40
2024-01-08,6700900-008,1
2024-01-01,6700900-009,40
2024-01-08,6700900-009,1
2024-01-01,6700900-010,40
2024-01-08,6700900-010,1
2024-01-01,6700900-011,40
2024-01-08,6700900-011,1
2024-01-01,6700900-012,40
2024-01-08,6700900-012,1
2024-01-01,6701000-001,40
2024-01-08,6701000-001,1
2024-01-01,6701000-002,40
2024-01-08,6701000-002,1
2024-01-01,6701000-003,40
2024-01-08,6701000-003,1
2024-01-01,6701000-004,40
2024-01-08,6701000-004,1
2024-01-01,6701000-005,40
2024-01-08,6701000-005,1
2024-01-01,6701000-006,40
2024-01-08,6701000-006,1
2024-01-01,6701000-007,40
2024-01-08,6701000-007,1
2024-01-01,6701000-008,40
2024-01-08,6701000-008,1
2024-01-01,6701000-009,40
2024-01-08,6701000-009,1
2024-01-01,6701000-010,40
2024-01-08,6701000-010,1
2024-01-01,6701000-011,40
2024-01-08,6701000-011,1
2024-01-01,6701000-012,40
2024-01-08,6701000-012,1
2024-01-01,6701000-013,40
2024-01-08,6701000-013,1
2024-01-01,6701100-001,40
2024-01-08,6701100-001,1
2024-01-01,6701100-002,40
2024-01-08,6701100-002,1
2024-01-01,6701100-003,40
2024-01-08,6701100-003,1
2024-01-01,6701100-004,40
2024-01-08,6701100-004,1
2024-01-01,6701100-005,40
2024-01-08,6701100-005,1
2024-01-01,6701100-006,40
2024-01-08,6701100-006,1
2024-01-01,6701100-007,40
2024-01-08,6701100-007,1
2024-01-01,6701100-008,40
2024-01-08,6701100-008,1
2024-01-01,6701100-009,40
2024-01-08,6701100-009,1
2024-01-01,6701100-010,40
2024-01-08,6701100-010,1
2024-01-01,6701200-001,0
2024-01-08,6701200-001,1
2024-01-01,6701200-002,0
2024-01-08,6701200-002,1
2024-01-01,6701200-003,0
2024-01-08,6701200-003,1
2024-01-01,6701200-004,3
2024-01-08,6701200-004,1
2024-01-01,6701200-005,32
2024-01-08,6701200-005,1
2024-01-01,6701200-006,0
2024-01-08,6701200-006,1
2024-01-01,6701200-007,0
2024-01-08,6701200-007,1
2024-01-01,6701200-008,0
2024-01-08,6701200-008,1
2024-01-01,6701200-009,0
2024-01-08,6701200-009,1
2024-01-01,6701200-010,0
2024-01-08,6701200-010,1
2024-01-01,6701200-011,0
2024-01-08,6701200-011,1
2024-01-01,6701200-012,0
2024-01-08,6701200-012,1
2024-01-01,6701200-013,0
2024-01-08,6701200-013,1
2024-01-01,6701200-014,0
2024-01-08,6701200-014,1
2024-01-01,6701200-015,0
2024-01-08,6701200-015,1
2024-01-01,6701200-016,0
2024-01-08,6701200-016,1
2024-01-01,6701200-017,0
2024-01-08,6701200-017,1
2024-01-01,6701200-018,0
2024-01-08,6701200-018,1
2024-01-01,6701200-019,0
2024-01-08,6701200-019,1
2024-01-01,6701200-020,0
2024-01-08,6701200-020,1
2024-01-01,6701200-021,0
2024-01-08,6701200-021,1
2024-01-01,6701300-001,18
2024-01-08,6701300-001,1
2024-01-01,6701300-002,18
2024-01-08,6701300-002,1
2024-01-01,6701300-003,18
2024-01-08,6701300-003,1
2024-01-01,6701300-004,18
2024-01-08,6701300-004,1
2024-01-01,6701300-005,18
2024-01-08,6701300-005,1
2024-01-01,6701300-006,18
2024-01-08,6701300-006,1
2024-01-01,6701300-007,18
2024-01-08,6701300-007,1
2024-01-01,6701300-008,17
2024-01-08,6701300-008,1
2024-01-01,6701300-009,18
2024-01-08,6701300-009,1
2024-01-01,6701300-010,18
2024-01-08,6701300-010,1
2024-01-01,6701300-011,18
2024-01-08,6701300-011,1
2024-01-01,6701300-012,18
2024-01-08,6701300-012,1
2024-01-01,6701300-013,18
2024-01-08,6701300-013,1
2024-01-01,6701400-001,3
2024-01-08,6701400-001,1
2024-01-01,6701400-002,1
2024-01-08,6701400-002,1
2024-01-01,6701400-003,2
2024-01-08,6701400-003,1
2024-01-01,6701400-004,1
2024-01-08,6701400-004,1
2024-01-01,6701400-005,1
2024-01-08,6701400-005,1
2024-01-01,6701400-006,1
2024-01-08,6701400-006,1
2024-01-01,6701400-007,1
2024-01-08,6701400-007,1
2024-01-01,6701400-008,1
2024-01-08,6701400-008,1
2024-01-01,6701400-009,1
2024-01-08,6701400-009,1
2024-01-01,6701400-010,1
2024-01-08,6701400-010,1
2024-01-01,6701400-011,1
2024-01-08,6701400-011,1
2024-01-01,6701400-012,2
2024-01-08,6701400-012,1
2024-01-01,6701500-001,40
2024-01-08,6701500-001,1
2024-01-01,6701500-002,40
2024-01-08,6701500-002,1
2024-01-01,6701500-003,40
2024-01-08,6701500-003,1
2024-01-01,6701500-004,40
2024-01-08,6701500-004,1
2024-01-01,6701500-005,40
2024-01-08,6701500-005,1
2024-01-01,6701500-006,40
2024-01-08,6701500-006,1
2024-01-01,6701500-007,40
2024-01-08,6701500-007,1
2024-01-01,6701500-008,40
2024-01-08,6701500-008,1
2024-01-01,6701500-009,40
2024-01-08,6701500-009,1
2024-01-01,6701500-010,40
2024-01-08,6701500-010,1
2024-01-01,6701500-011,40
2024-01-08,6701500-011,1
2024-01-01,6701500-012,40
2024-01-08,6701500-012,1
2024-01-01,6701500-013,40
2024-01-08,6701500-013,1
2024-01-01,6701500-014,40
2024-01-08,6701500-014,1
2024-01-01,6701500-015,40
2024-01-08,6701500-015,1
2024-01-01,6701500-016,40
2024-01-08,6701500-016,1
2024-01-01,6701500-017,40
2024-01-08,6701500-017,1
2024-01-01,6701500-018,40
2024-01-08,6701500-018,1
2024-01-01,6701500-019,40
2024-01-08,6701500-019,1
2024-01-01,6701500-020,40
2024-01-08,6701500-020,1
2024-01-01,6701500-021,40
2024-01-08,6701500-021,1
2024-01-01,6701500-022,40
2024-01-08,6701500-022,1
2024-01-01,6701500-023,40
2024-01-08,6701500-023,1
2024-01-01,6701600-001,18
2024-01-08,6701600-001,1
2024-01-01,6701600-002,17
2024-01-08,6701600-002,1
2024-01-01,6701600-003,17
2024-01-08,6701600-003,1
2024-01-01,6701600-004,17
2024-01-08,6701600-004,1
2024-01-01,6701600-005,17
2024-01-08,6701600-005,1
2024-01-01,6701600-006,17
2024-01-08,6701600-006,1
2024-01-01,6701600-007,17
2024-01-08,6701600-007,1
2024-01-01,6701600-008,17
2024-01-08,6701600-008,1
2024-01-01,6701600-009,17
2024-01-08,6701600-009,1
2024-01-01,6701600-010,17
2024-01-08,6701600-010,1
2024-01-01,6701600-011,17
2024-01-08,6701600-011,1
2024-01-01,6701600-012,17
2024-01-08,6701600-012,1
2024-01-01,6701600-013,17
2024-01-08,6701600-013,1
2024-01-01,6701600-014,17
2024-01-08,6701600-014,1
2024-01-01,6701600-015,17
2024-01-08,6701600-015,1
2024-01-01,6701600-016,18
2024-01-08,6701600-016,1
2024-01-01,6701600-017,17
2024-01-08,6701600-017,1
2024-01-01,6701600-018,17
2024-01-08,6701600-018,1
2024-01-01,6701700-001,26
2024-01-08,6701700-001,1
2024-01-01,6701700-002,26
2024-01-08,6701700-002,1
2024-01-01,6701700-003,26
2024-01-08,6701700-003,1
2024-01-01,6701700-004,26
2024-01-08,6701700-004,1
2024-01-01,6701700-005,26
2024-01-08,6701700-005,1
2024-01-01,6701700-006,26
2024-01-08,6701700-006,1
2024-01-01,6701700-007,26
2024-01-08,6701700-007,1
2024-01-01,6701700-008,26
2024-01-08,6701700-008,1
2024-01-01,6701700-009,26
2024-01-08,6701700-009,1
2024-01-01,6701700-010,26
2024-01-08,6701700-010,1
2024-01-01,6701700-011,26
2024-01-08,6701700-011,1
2024-01-01,6701700-012,26
2024-01-08,6701700-012,1
2024-01-01,6701700-013,26
2024-01-08,6701700-013,1
2024-01-01,6701800-001,1
2024-01-08,6701800-001,1
2024-01-01,6701800-002,1
2024-01-08,6701800-002,1
2024-01-01,6701800-003,1
2024-01-08,6701800-003,1
2024-01-01,6701800-004,1
2024-01-08,6701800-004,1
2024-01-01,6701800-005,1
2024-01-08,6701800-005,1
2024-01-01,6701800-006,1
2024-01-08,6701800-006,1
2024-01-01,6701800-007,1
2024-01-08,6701800-007,1
2024-01-01,6701800-008,1
2024-01-08,6701800-008,1
2024-01-01,6701800-009,1
2024-01-08,6701800-009,1
2024-01-01,6701800-010,1
2024-01-08,6701800-010,1
2024-01-01,6701800-011,1
2024-01-08,6701800-011,1
2024-01-01,6701800-012,1
2024-01-08,6701800-012,1
2024-01-01,6701800-013,1
2024-01-08,6701800-013,1
2024-01-01,6701800-014,1
2024-01-08,6701800-014,1
2024-01-01,6701800-015,1
2024-01-08,6701800-015,1
2024-01-01,6701800-016,1
2024-01-08,6701800-016,1
2024-01-01,6701800-017,1
2024-01-08,6701800-017,1
2024-01-01,6701800-018,1
2024-01-08,6701800-018,1
2024-01-01,6701800-019,1
2024-01-08,6701800-019,1
2024-01-01,6701800-020,1
2024-01-08,6701800-020,1
2024-01-01,6701900-001,1
2024-01-08,6701900-001,1
2024-01-01,6701900-002,1
2024-01-08,6701900-002,1
2024-01-01,6701900-003,1
2024-01-08,6701900-003,1
2024-01-01,6701900-004,1
2024-01-08,6701900-004,1
2024-01-01,6701900-005,1
2024-01-08,6701900-005,1
2024-01-01,6701900-006,1
2024-01-08,6701900-006,1
2024-01-01,6701900-007,1
2024-01-08,6701900-007,1
2024-01-01,6701900-008,1
2024-01-08,6701900-008,1
2024-01-01,6701900-009,1
2024-01-08,6701900-009,1
2024-01-01,6701900-010,1
2024-01-08,6701900-010,1
2024-01-01,6701900-011,1
2024-01-08,6701900-011,1
2024-01-01,6701900-012,1
2024-01-08,6701900-012,1
2024-01-01,6701900-013,1
2024-01-08,6701900-013,1
2024-01-01,6701900-014,1
2024-01-08,6701900-014,1
2024-01-01,6701900-015,1
2024-01-08,6701900-015,1
2024-01-01,6701900-016,1
2024-01-08,6701900-016,1
2024-01-01,6701900-017,1
2024-01-08,6701900-017,1
2024-01-01,6701900-018,1
2024-01-08,6701900-018,1
2024-01-01,6701900-019,1
2024-01-08,6701900-019,1
2024-01-01,6701900-020,1
2024-01-08,6701900-020,1
2024-01-01,6701900-021,1
2024-01-08,6701900-021,1
2024-01-01,6702000-001,1
2024-01-08,6702000-001,1
2024-01-01,6702000-002,1
2024-01-08,6702000-002,1
2024-01-01,6702000-003,1
2024-01-08,6702000-003,1
2024-01-01,6702000-004,1
2024-01-08,6702000-004,1
2024-01-01,6702000-005,1
2024-01-08,6702000-005,1
2024-01-01,6702000-006,1
2024-01-08,6702000-006,1
2024-01-01,6702000-007,1
2024-01-08,6702000-007,1
2024-01-01,6702000-008,1
2024-01-08,6702000-008,1
2024-01-01,6702000-009,1
2024-01-08,6702000-009,1
2024-01-01,6702000-010,1
2024-01-08,6702000-010,1
2024-01-01,6702000-011,1
2024-01-08,6702000-011,1
2024-01-01,6702100-001,1
2024-01-08,6702100-001,1
2024-01-01,6702100-002,1
2024-01-08,6702100-002,1
2024-01-01,6702100-003,1
2024-01-08,6702100-003,1
2024-01-01,6702100-004,1
2024-01-08,6702100-004,1
2024-01-01,6702100-005,1
2024-01-08,6702100-005,1
2024-01-01,6702100-006,1
2024-01-08,6702100-006,1
2024-01-01,6702100-007,1
2024-01-08,6702100-007,1
2024-01-01,6702100-008,1
2024-01-08,6702100-008,1
2024-01-01,6702100-009,1
2024-01-08,6702100-009,1
2024-01-01,6702100-010,1
2024-01-08,6702100-010,1
2024-01-01,6702100-011,1
2024-01-08,6702100-011,1
2024-01-01,6702100-012,1
2024-01-08,6702100-012,1
2024-01-01,6702100-013,1
2024-01-08,6702100-013,1
2024-01-01,6702100-014,1
2024-01-08,6702100-014,1
2024-01-01,6702100-015,1
2024-01-08,6702100-015,1
2024-01-01,6702100-016,1
2024-01-08,6702100-016,1
2024-01-01,6702200-001,1
2024-01-08,6702200-001,1
2024-01-01,6702200-002,1
2024-01-08,6702200-002,1
2024-01-01,6702200-003,1
2024-01-08,6702200-003,1
2024-01-01,6702200-004,1
2024-01-08,6702200-004,1
2024-01-01,6702200-005,1
2024-01-08,6702200-005,1
2024-01-01,6702200-006,1
2024-01-08,6702200-006,1
2024-01-01,6702200-007,1
2024-01-08,6702200-007,1
2024-01-01,6702300-001,40
2024-01-08,6702300-001,1
2024-01-01,6702300-002,40
2024-01-08,6702300-002,1
2024-01-01,6702300-003,40
2024-01-08,6702300-003,1
2024-01-01,6702300-004,40
2024-01-08,6702300-004,1
2024-01-01,6702300-005,40
2024-01-08,6702300-005,1
2024-01-01,6702300-006,40
2024-01-08,6702300-006,1
2024-01-01,6702300-007,40
2024-01-08,6702300-007,1
2024-01-01,6702300-008,40
2024-01-08,6702300-008,1
2024-01-01,6702300-009,40
2024-01-08,6702300-009,1
2024-01-01,6702300-010,40
2024-01-08,6702300-010,1
2024-01-01,6702400-001,40
2024-01-08,6702400-001,1
2024-01-01,6702400-002,40
2024-01-08,6702400-002,1
2024-01-01,6702400-003,40
2024-01-08,6702400-003,1
2024-01-01,6702400-004,40
2024-01-08,6702400-004,1
2024-01-01,6702400-005,40
2024-01-08,6702400-005,1
2024-01-01,6702400-006,40
2024-01-08,6702400-006,1
2024-01-01,6702400-007,40
2024-01-08,6702400-007,1
2024-01-01,6702500-001,40
2024-01-08,6702500-001,1
2024-01-01,6702500-002,40
2024-01-08,6702500-002,1
2024-01-01,6702500-003,40
2024-01-08,6702500-003,1
2024-01-01,6702500-004,40
2024-01-08,6702500-004,1
2024-01-01,6702500-005,40
2024-01-08,6702500-005,1
2024-01-01,6702500-006,40
2024-01-08,6702500-006,1
2024-01-01,6702500-007,40
2024-01-08,6702500-007,1
2024-01-01,6702500-008,40
2024-01-08,6702500-008,1
2024-01-01,6702500-009,40
2024-01-08,6702500-009,1
2024-01-01,6702600-001,40
2024-01-08,6702600-001,1
2024-01-01,6702600-002,40
2024-01-08,6702600-002,1
2024-01-01,6702600-003,40
2024-01-08,6702600-003,1
2024-01-01,6702600-004,40
2024-01-08,6702600-004,1
2024-01-01,6702600-005,40
2024-01-08,6702600-005,1
2024-01-01,6702600-006,40
2024-01-08,6702600-006,1
2024-01-01,6702600-007,40
2024-01-08,6702600-007,1
2024-01-01,6702600-008,40
2024-01-08,6702600-008,1
2024-01-01,6702600-009,40
2024-01-08,6702600-009,1
2024-01-01,6702600-010,40
2024-01-08,6702600-010,1
2024-01-01,6702700-001,0
2024-01-08,6702700-001,0
2024-01-01,6702700-002,0
2024-01-08,6702700-002,0
2024-01-01,6702700-003,0
2024-01-08,6702700-003,0
2024-01-01,6702700-004,0
2024-01-08,6702700-004,0
2024-01-01,6702700-005,40
2024-01-08,6702700-005,17
2024-01-01,6702700-006,0
2024-01-08,6702700-006,0
2024-01-01,6702700-007,0
2024-01-08,6702700-007,0
2024-01-01,6702700-008,0
2024-01-08,6702700-008,0
2024-01-01,6702700-009,0
2024-01-08,6702700-009,0
2024-01-01,6702700-010,0
2024-01-08,6702700-010,0
2024-01-01,6702700-011,0
2024-01-08,6702700-011,0
2024-01-01,6702700-012,0
2024-01-08,6702700-012,0
2024-01-01,6702700-013,0
2024-01-08,6702700-013,0
2024-01-01,6702700-014,0
2024-01-08,6702700-014,0
2024-01-01,6702700-015,0
2024-01-08,6702700-015,0
2024-01-01,6702700-016,0
2024-01-08,6702700-016,0
2024-01-01,6702700-017,0
2024-01-08,6702700-017,0
2024-01-01,6702700-018,0
2024-01-08,6702700-018,0
2024-01-01,6702800-001,11
2024-01-08,6702800-001,1
2024-01-01,6702800-002,0
2024-01-08,6702800-002,1
2024-01-01,6702800-003,3
2024-01-08,6702800-003,1
2024-01-01,6702800-004,0
2024-01-08,6702800-004,1
2024-01-01,6702800-005,0
2024-01-08,6702800-005,1
2024-01-01,6702800-006,21
2024-01-08,6702800-006,1
2024-01-01,6702800-007,0
2024-01-08,6702800-007,1
2024-01-01,6702800-008,0
2024-01-08,6702800-008,1
2024-01-01,6702800-009,0
2024-01-08,6702800-009,1
2024-01-01,6702800-010,0
2024-01-08,6702800-010,1
2024-01-01,6702800-011,0
2024-01-08,6702800-011,1
2024-01-01,6702800-012,0
2024-01-08,6702800-012,1
2024-01-01,6702800-013,0
2024-01-08,6702800-013,1
2024-01-01,6702800-014,0
2024-01-08,6702800-014,1
2024-01-01,6702800-015,0
2024-01-08,6702800-015,1
2024-01-01,6702800-016,0
2024-01-08,6702800-016,1
2024-01-01,6702800-017,1
2024-01-08,6702800-017,1
2024-01-01,6702800-018,0
2024-01-08,6702800-018,1
2024-01-01,6702800-019,0
2024-01-08,6702800-019,1
2024-01-01,6702800-020,0
2024-01-08,6702800-020,1
2024-01-01,6702800-021,0
2024-01-08,6702800-021,1
2024-01-01,6702900-001,1
2024-01-08,6702900-001,1
2024-01-01,6702900-002,1
2024-01-08,6702900-002,1
2024-01-01,6702900-003,9
2024-01-08,6702900-003,1
2024-01-01,6702900-004,1
2024-01-08,6702900-004,1
2024-01-01,6702900-005,1
2024-01-08,6702900-005,1
2024-01-01,6702900-006,1
2024-01-08,6702900-006,1
2024-01-01,6702900-007,1
2024-01-08,6702900-007,1
2024-01-01,6702900-008,1
2024-01-08,6702900-008,1
2024-01-01,6702900-009,1
2024-01-08,6702900-009,1
2024-01-01,6702900-010,1
2024-01-08,6702900-010,1
2024-01-01,6702900-011,1
2024-01-08,6702900-011,1
2024-01-01,6702900-012,1
2024-01-08,6702900-012,1
2024-01-01,6702900-013,1
2024-01-08,6702900-013,1
2024-01-01,6702900-014,1
2024-01-08,6702900-014,1
2024-01-01,6702900-016,1
2024-01-08,6702900-016,1
2024-01-01,6702900-017,1
2024-01-08,6702900-017,1
2024-01-01,6703000-001,40
2024-01-08,6703000-001,1
2024-01-01,6703000-002,40
2024-01-08,6703000-002,1
2024-01-01,6703000-003,40
2024-01-08,6703000-003,1
2024-01-01,6703000-004,40
2024-01-08,6703000-004,1
2024-01-01,6703000-005,40
2024-01-08,6703000-005,1
2024-01-01,6703000-006,40
2024-01-08,6703000-006,1
2024-01-01,6703000-007,40
2024-01-08,6703000-007,1
2024-01-01,6703000-008,40
2024-01-08,6703000-008,1
2024-01-01,6703100-001,40
2024-01-08,6703100-001,40
2024-01-01,6703100-002,40
2024-01-08,6703100-002,40
2024-01-01,6703100-003,40
2024-01-08,6703100-003,24
2024-01-01,6703100-004,40
2024-01-08,6703100-004,40
2024-01-01,6703100-005,40
2024-01-08,6703100-005,40
2024-01-01,6703100-006,40
2024-01-08,6703100-006,40
2024-01-01,6703100-007,40
2024-01-08,6703100-007,40
2024-01-01,6703100-008,40
2024-01-08,6703100-008,40
2024-01-01,6703100-009,40
2024-01-08,6703100-009,40
2024-01-01,6703100-010,40
2024-01-08,6703100-010,40
2024-01-01,6703100-011,40
2024-01-08,6703100-011,40
2024-01-01,6703100-012,40
2024-01-08,6703100-012,40
2024-01-01,6703100-013,40
2024-01-08,6703100-013,40
2024-01-01,6703100-014,40
2024-01-08,6703100-014,40
2024-01-01,6703100-015,40
2024-01-08,6703100-015,40
2024-01-01,6703100-016,40
2024-01-08,6703100-016,40
2024-01-01,6703100-017,40
2024-01-08,6703100-017,40
2024-01-01,6703100-018,40
2024-01-08,6703100-018,40
2024-01-01,6703100-019,40
2024-01-08,6703100-019,40
2024-01-01,6703100-020,40
2024-01-08,6703100-020,40
2024-01-01,6703100-021,40
2024-01-08,6703100-021,40
2024-01-01,6703100-022,40
2024-01-08,6703100-022,40
2024-01-01,6703100-023,40
2024-01-08,6703100-023,40
2024-01-01,6703100-024,40
2024-01-08,6703100-024,40
2024-01-01,6703100-025,40
2024-01-08,6703100-025,40
2024-01-01,6703100-026,40
2024-01-08,6703100-026,40
2024-01-01,6703100-027,40
2024-01-08,6703100-027,40
2024-01-01,6703100-028,40
2024-01-08,6703100-028,40
2024-01-01,6703100-029,40
2024-01-08,6703100-029,40
2024-01-01,6703100-030,40
2024-01-08,6703100-030,40
2024-01-01,6703100-031,40
2024-01-08,6703100-031,40
2024-01-01,6703100-032,40
2024-01-08,6703100-032,40
2024-01-01,6703100-033,40
2024-01-08,6703100-033,40
2024-01-01,6703100-034,40
2024-01-08,6703100-034,40
2024-01-01,6703100-035,40
2024-01-08,6703100-035,40
2024-01-01,6703100-036,40
2024-01-08,6703100-036,40
2024-01-01,6703100-037,40
2024-01-08,6703100-037,40
2024-01-01,6703100-038,40
2024-01-08,6703100-038,40
2024-01-01,6703100-039,40
2024-01-08,6703100-039,40
2024-01-01,6703200-001,0
2024-01-08,6703200-001,40
2024-01-01,6703200-002,0
2024-01-08,6703200-002,40
2024-01-01,6703200-003,0
2024-01-08,6703200-003,40
2024-01-01,6703200-004,0
2024-01-08,6703200-004,40
2024-01-01,6703200-005,0
2024-01-08,6703200-005,39
2024-01-01,6703200-006,0
2024-01-08,6703200-006,40
2024-01-01,6703200-007,0
2024-01-08,6703200-007,0
2024-01-01,6703200-008,0
2024-01-08,6703200-008,40
2024-01-01,6703200-009,0
2024-01-08,6703200-009,40
2024-01-01,6703200-010,0
2024-01-08,6703200-010,40
2024-01-01,6703200-011,0
2024-01-08,6703200-011,40
2024-01-01,6703200-012,0
2024-01-08,6703200-012,40
2024-01-01,6703200-013,0
2024-01-08,6703200-013,40
2024-01-01,6703200-014,0
2024-01-08,6703200-014,0
2024-01-01,6703200-015,0
2024-01-08,6703200-015,40
2024-01-01,6703200-016,0
2024-01-08,6703200-016,40
2024-01-01,6703200-017,0
2024-01-08,6703200-017,40
2024-01-01,6703200-018,0
2024-01-08,6703200-018,40
2024-01-01,6703200-019,0
2024-01-08,6703200-019,16
2024-01-01,6703200-020,0
2024-01-08,6703200-020,40
2024-01-01,6703200-021,0
2024-01-08,6703200-021,40
2024-01-01,6703200-022,0
2024-01-08,6703200-022,35
2024-01-01,6703200-023,0
2024-01-08,6703200-023,40
2024-01-01,6703200-024,0
2024-01-08,6703200-024,40
2024-01-01,6703200-025,0
2024-01-08,6703200-025,0
2024-01-01,6703200-026,0
2024-01-08,6703200-026,40
2024-01-01,6703200-027,0
2024-01-08,6703200-027,35
2024-01-01,6703200-028,0
2024-01-08,6703200-028,40
2024-01-01,6703200-029,0
2024-01-08,6703200-029,40
2024-01-01,6703200-030,0
2024-01-08,6703200-030,35
2024-01-01,6703200-031,0
2024-01-08,6703200-031,25
2024-01-01,6703200-032,0
2024-01-08,6703200-032,40
2024-01-01,6703200-033,0
2024-01-08,6703200-033,13
2024-01-01,6703200-034,0
2024-01-08,6703200-034,40
2024-01-01,6703200-035,0
2024-01-08,6703200-035,40
2024-01-01,6703200-036,0
2024-01-08,6703200-036,40
2024-01-01,6703200-037,0
2024-01-08,6703200-037,40
2024-01-01,6703200-038,0
2024-01-08,6703200-038,40
2024-01-01,6703200-039,0
2024-01-08,6703200-039,40
2024-01-01,6703200-040,0
2024-01-08,6703200-040,40
2024-01-01,6703200-041,0
2024-01-08,6703200-041,40
2024-01-01,6703200-042,0
2024-01-08,6703200-042,40
2024-01-01,6703200-043,0
2024-01-08,6703200-043,40
2024-01-01,6703200-044,0
2024-01-08,6703200-044,40
2024-01-01,6703200-045,0
2024-01-08,6703200-045,40
2024-01-01,6703300-001,0
2024-01-08,6703300-001,40
2024-01-01,6703300-002,0
2024-01-08,6703300-002,40
2024-01-01,6703300-003,0
2024-01-08,6703300-003,40
2024-01-01,6703300-004,0
2024-01-08,6703300-004,40
2024-01-01,6703300-005,0
2024-01-08,6703300-005,40
2024-01-01,6703300-006,0
2024-01-08,6703300-006,40
2024-01-01,6703300-007,0
2024-01-08,6703300-007,40
2024-01-01,6703300-008,0
2024-01-08,6703300-008,40
2024-01-01,6703300-009,0
2024-01-08,6703300-009,40
2024-01-01,6703300-010,0
2024-01-08,6703300-010,40
2024-01-01,6703300-011,0
2024-01-08,6703300-011,40
2024-01-01,6703300-012,0
2024-01-08,6703300-012,40
2024-01-01,6703300-013,0
2024-01-08,6703300-013,40
2024-01-01,6703300-014,0
2024-01-08,6703300-014,40
2024-01-01,6703300-015,0
2024-01-08,6703300-015,40
2024-01-01,6703300-016,0
2024-01-08,6703300-016,40
2024-01-01,6703300-017,0
2024-01-08,6703300-017,40
2024-01-01,6703300-018,0
2024-01-08,6703300-018,40
2024-01-01,6703300-019,0
2024-01-08,6703300-019,40
2024-01-01,6703300-020,0
2024-01-08,6703300-020,40
2024-01-01,6703300-021,0
2024-01-08,6703300-021,40
2024-01-01,6703300-022,0
2024-01-08,6703300-022,40
2024-01-01,6703300-023,0
2024-01-08,6703300-023,40
2024-01-01,6703300-024,0
2024-01-08,6703300-024,40
2024-01-01,6703300-025,0
2024-01-08,6703300-025,40
2024-01-01,6703300-026,0
2024-01-08,6703300-026,40
2024-01-01,6703300-027,0
2024-01-08,6703300-027,40
2024-01-01,6703300-028,0
2024-01-08,6703300-028,40
2024-01-01,6703300-029,0
2024-01-08,6703300-029,40
2024-01-01,6703300-030,0
2024-01-08,6703300-030,40
2024-01-01,6703300-031,0
2024-01-08,6703300-031,40
2024-01-01,6703300-032,0
2024-01-08,6703300-032,40
2024-01-01,6703300-033,0
2024-01-08,6703300-033,40
2024-01-01,6703300-034,0
2024-01-08,6703300-034,40
2024-01-01,6703300-035,0
2024-01-08,6703300-035,40
2024-01-01,6703300-036,0
2024-01-08,6703300-036,40
2024-01-01,6703300-037,0
2024-01-08,6703300-037,40
2024-01-01,6703300-038,0
2024-01-08,6703300-038,40
2024-01-01,6703300-039,0
2024-01-08,6703300-039,40
2024-01-01,6703400-001,0
2024-01-08,6703400-001,40
2024-01-01,6703400-002,0
2024-01-08,6703400-002,40
2024-01-01,6703400-003,0
2024-01-08,6703400-003,40
2024-01-01,6703400-004,0
2024-01-08,6703400-004,40
2024-01-01,6703400-005,0
2024-01-08,6703400-005,40
2024-01-01,6703400-006,0
2024-01-08,6703400-006,40
2024-01-01,6703400-007,0
2024-01-08,6703400-007,40
2024-01-01,6703400-008,0
2024-01-08,6703400-008,40
2024-01-01,6703400-009,0
2024-01-08,6703400-009,40
2024-01-01,6703400-010,0
2024-01-08,6703400-010,40
2024-01-01,6703400-011,0
2024-01-08,6703400-011,40
2024-01-01,6703400-012,0
2024-01-08,6703400-012,40
2024-01-01,6703400-013,0
2024-01-08,6703400-013,40
2024-01-01,6703400-014,0
2024-01-08,6703400-014,40
2024-01-01,6703400-015,0
2024-01-08,6703400-015,40
2024-01-01,6703400-016,0
2024-01-08,6703400-016,40
2024-01-01,6703400-017,0
2024-01-08,6703400-017,40
2024-01-01,6703400-018,0
2024-01-08,6703400-018,40
2024-01-01,6703400-019,0
2024-01-08,6703400-019,40
2024-01-01,6703400-020,0
2024-01-08,6703400-020,40
2024-01-01,6703400-021,40
2024-01-08,6703400-021,40
2024-01-01,6703400-022,0
2024-01-08,6703400-022,40
2024-01-01,6703400-023,0
2024-01-08,6703400-023,40
2024-01-01,6703400-024,0
2024-01-08,6703400-024,40
2024-01-01,6703400-025,0
2024-01-08,6703400-025,40
2024-01-01,6703400-026,0
2024-01-08,6703400-026,40
2024-01-01,6703400-027,0
2024-01-08,6703400-027,40
2024-01-01,6703400-028,0
2024-01-08,6703400-028,40
2024-01-01,6703400-029,0
2024-01-08,6703400-029,40
2024-01-01,6703400-030,0
2024-01-08,6703400-030,40
2024-01-01,6703400-031,0
2024-01-08,6703400-031,40
2024-01-01,6703400-032,0
2024-01-08,6703400-032,40
2024-01-01,6703400-033,0
2024-01-08,6703400-033,40
2024-01-01,6703400-034,0
2024-01-08,6703400-034,40
2024-01-01,6703400-035,0
2024-01-08,6703400-035,40
2024-01-01,6703400-036,0
2024-01-08,6703400-036,40
2024-01-01,6703400-037,0
2024-01-08,6703400-037,40
2024-01-01,6703400-038,0
2024-01-08,6703400-038,40
2024-01-01,6703400-039,0
2024-01-08,6703400-039,40
2024-01-01,6703400-040,0
2024-01-08,6703400-040,40
2024-01-01,6703400-041,0
2024-01-08,6703400-041,40
2024-01-01,6703400-042,0
2024-01-08,6703400-042,40
2024-01-01,6703400-043,0
2024-01-08,6703400-043,40
2024-01-01,6703500-001,40
2024-01-08,6703500-001,40
2024-01-01,6703500-002,40
2024-01-08,6703500-002,40
2024-01-01,6703500-003,40
2024-01-08,6703500-003,40
2024-01-01,6703500-004,40
2024-01-08,6703500-004,40
2024-01-01,6703500-005,40
2024-01-08,6703500-005,40
2024-01-01,6703500-006,40
2024-01-08,6703500-006,40
2024-01-01,6703500-007,40
2024-01-08,6703500-007,40
2024-01-01,6703500-008,40
2024-01-08,6703500-008,40
2024-01-01,6703500-009,40
2024-01-08,6703500-009,0
2024-01-01,6703500-010,40
2024-01-08,6703500-010,40
2024-01-01,6703500-011,40
2024-01-08,6703500-011,40
2024-01-01,6703500-012,40
2024-01-08,6703500-012,40
2024-01-01,6703500-013,40
2024-01-08,6703500-013,40
2024-01-01,6703500-014,40
2024-01-08,6703500-014,40
2024-01-01,6703500-015,40
2024-01-08,6703500-015,40
2024-01-01,6703500-016,40
2024-01-08,6703500-016,40
2024-01-01,6703500-017,40
2024-01-08,6703500-017,40
2024-01-01,6703500-018,40
2024-01-08,6703500-018,40
2024-01-01,6703500-019,40
2024-01-08,6703500-019,40
2024-01-01,6703500-020,40
2024-01-08,6703500-020,40
2024-01-01,6703500-021,40
2024-01-08,6703500-021,40
2024-01-01,6703500-022,40
2024-01-08,6703500-022,40
2024-01-01,6703500-023,40
2024-01-08,6703500-023,40
2024-01-01,6703500-024,40
2024-01-08,6703500-024,40
2024-01-01,6703500-025,40
2024-01-08,6703500-025,40
2024-01-01,6703500-026,40
2024-01-08,6703500-026,40
2024-01-01,6703500-027,40
2024-01-08,6703500-027,40
2024-01-01,6703500-028,40
2024-01-08,6703500-028,40
2024-01-01,6703500-029,40
2024-01-08,6703500-029,40
2024-01-01,6703500-030,40
2024-01-08,6703500-030,40
2024-01-01,6703500-031,40
2024-01-08,6703500-031,40
2024-01-01,6703500-032,40
2024-01-08,6703500-032,40
2024-01-01,6703500-033,40
2024-01-08,6703500-033,40
2024-01-01,6703500-034,40
2024-01-08,6703500-034,40
2024-01-01,6703500-035,40
2024-01-08,6703500-035,40
2024-01-01,6703500-036,40
2024-01-08,6703500-036,40
2024-01-01,6703500-037,40
2024-01-08,6703500-037,40
2024-01-01,6703500-038,40
2024-01-08,6703500-038,40
2024-01-01,6703500-039,40
2024-01-08,6703500-039,40
2024-01-01,6703500-040,40
2024-01-08,6703500-040,40
2024-01-01,6703500-041,40
2024-01-08,6703500-041,40
2024-01-01,6703500-042,40
2024-01-08,6703500-042,40
2024-01-01,6703500-043,40
2024-01-08,6703500-043,40
2024-01-01,6703500-044,40
2024-01-08,6703500-044,40
2024-01-01,6703500-045,40
2024-01-08,6703500-045,40
2024-01-01,6703500-046,40
2024-01-08,6703500-046,40
2024-01-01,6703500-047,40
2024-01-08,6703500-047,40
2024-01-01,6703500-048,40
2024-01-08,6703500-048,40
2024-01-01,6703500-049,40
2024-01-08,6703500-049,40
2024-01-01,6703500-050,40
2024-01-08,6703500-050,40
2024-01-01,6703500-051,40
2024-01-08,6703500-051,40
2024-01-01,6703600-001,0
2024-01-08,6703600-001,1
2024-01-01,6703600-002,0
2024-01-08,6703600-002,1
2024-01-01,6703600-003,0
2024-01-08,6703600-003,1
2024-01-01,6703600-004,0
2024-01-08,6703600-004,1
2024-01-01,6703600-005,0
2024-01-08,6703600-005,1
2024-01-01,6703600-006,0
2024-01-08,6703600-006,1
2024-01-01,6703600-007,0
2024-01-08,6703600-007,1
2024-01-01,6703600-008,0
2024-01-08,6703600-008,1
2024-01-01,6703600-009,0
2024-01-08,6703600-009,1
2024-01-01,6703600-010,0
2024-01-08,6703600-010,1
2024-01-01,6703600-011,0
2024-01-08,6703600-011,1
2024-01-01,6703600-012,0
2024-01-08,6703600-012,1
2024-01-01,6703600-013,0
2024-01-08,6703600-013,1
2024-01-01,6703600-014,0
2024-01-08,6703600-014,1
2024-01-01,6703600-015,0
2024-01-08,6703600-015,1
2024-01-01,6703700-001,0
2024-01-08,6703700-001,0
2024-01-01,6703700-002,0
2024-01-08,6703700-002,0
2024-01-01,6703700-003,0
2024-01-08,6703700-003,0
2024-01-01,6703700-004,0
2024-01-08,6703700-004,0
2024-01-01,6703700-005,0
2024-01-08,6703700-005,40
2024-01-01,6703700-006,0
2024-01-08,6703700-006,0
2024-01-01,6703700-007,0
2024-01-08,6703700-007,0
2024-01-01,6703700-008,0
2024-01-08,6703700-008,0
2024-01-01,6703700-009,0
2024-01-08,6703700-009,0
2024-01-01,6703700-010,0
2024-01-08,6703700-010,0
2024-01-01,6703700-011,0
2024-01-08,6703700-011,0
2024-01-01,6703700-012,0
2024-01-08,6703700-012,0
2024-01-01,6703700-013,0
2024-01-08,6703700-013,0
2024-01-01,6703700-014,0
2024-01-08,6703700-014,0
2024-01-01,6703700-015,0
2024-01-08,6703700-015,0
2024-01-01,6703700-016,0
2024-01-08,6703700-016,0
2024-01-01,6703700-017,0
2024-01-08,6703700-017,0
2024-01-01,6703700-018,0
2024-01-08,6703700-018,0
2024-01-01,6703700-019,0
2024-01-08,6703700-019,0
2024-01-01,6703700-020,0
2024-01-08,6703700-020,0
2024-01-01,6703700-021,0
2024-01-08,6703700-021,0
2024-01-01,6703700-022,0
2024-01-08,6703700-022,31
2024-01-01,6703700-023,0
2024-01-08,6703700-023,0
2024-01-01,6703700-024,0
2024-01-08,6703700-024,0
2024-01-01,6703700-025,0
2024-01-08,6703700-025,0
2024-01-01,6703700-026,0
2024-01-08,6703700-026,0
2024-01-01,6703700-027,0
2024-01-08,6703700-027,0
2024-01-01,6703700-028,0
2024-01-08,6703700-028,0
2024-01-01,6703700-029,0
2024-01-08,6703700-029,0
2024-01-01,6703700-030,0
2024-01-08,6703700-030,40
2024-01-01,6703700-031,0
2024-01-08,6703700-031,0
2024-01-01,6703700-032,0
2024-01-08,6703700-032,0
2024-01-01,6703700-033,0
2024-01-08,6703700-033,0
2024-01-01,6703700-034,0
2024-01-08,6703700-034,0
2024-01-01,6703700-035,0
2024-01-08,6703700-035,0
2024-01-01,6703700-036,0
2024-01-08,6703700-036,0
2024-01-01,6703700-037,0
2024-01-08,6703700-037,1
2024-01-01,6703700-038,0
2024-01-08,6703700-038,0
